-- MySQL dump 10.13  Distrib 5.7.23, for Linux (x86_64)
--
-- Host: localhost    Database: aqualife
-- ------------------------------------------------------
-- Server version	5.7.23-0ubuntu0.16.04.1

/*!40101 SET @OLD_CHARACTER_SET_CLIENT=@@CHARACTER_SET_CLIENT */;
/*!40101 SET @OLD_CHARACTER_SET_RESULTS=@@CHARACTER_SET_RESULTS */;
/*!40101 SET @OLD_COLLATION_CONNECTION=@@COLLATION_CONNECTION */;
/*!40101 SET NAMES utf8 */;
/*!40103 SET @OLD_TIME_ZONE=@@TIME_ZONE */;
/*!40103 SET TIME_ZONE='+00:00' */;
/*!40014 SET @OLD_UNIQUE_CHECKS=@@UNIQUE_CHECKS, UNIQUE_CHECKS=0 */;
/*!40014 SET @OLD_FOREIGN_KEY_CHECKS=@@FOREIGN_KEY_CHECKS, FOREIGN_KEY_CHECKS=0 */;
/*!40101 SET @OLD_SQL_MODE=@@SQL_MODE, SQL_MODE='NO_AUTO_VALUE_ON_ZERO' */;
/*!40111 SET @OLD_SQL_NOTES=@@SQL_NOTES, SQL_NOTES=0 */;

--
-- Table structure for table `account`
--

DROP TABLE IF EXISTS `account`;
/*!40101 SET @saved_cs_client     = @@character_set_client */;
/*!40101 SET character_set_client = utf8 */;
CREATE TABLE `account` (
  `id` int(11) NOT NULL AUTO_INCREMENT,
  `name` varchar(255) COLLATE utf8_unicode_ci NOT NULL,
  `manager` varchar(255) COLLATE utf8_unicode_ci DEFAULT NULL,
  `sport` varchar(255) COLLATE utf8_unicode_ci DEFAULT NULL,
  `country` varchar(255) COLLATE utf8_unicode_ci DEFAULT NULL,
  PRIMARY KEY (`id`)
) ENGINE=InnoDB AUTO_INCREMENT=30 DEFAULT CHARSET=utf8 COLLATE=utf8_unicode_ci;
/*!40101 SET character_set_client = @saved_cs_client */;

--
-- Dumping data for table `account`
--

LOCK TABLES `account` WRITE;
/*!40000 ALTER TABLE `account` DISABLE KEYS */;
INSERT INTO `account` VALUES (22,'BSC ROMANIA',NULL,'SWIMMING','RO'),(23,'BSC',NULL,'SWIMMING','RO'),(24,'POLONYA',NULL,'SWIMMING','PL'),(25,'EKRAN',NULL,'SWIMMING','RU'),(26,'BSC',NULL,'SWIMMING','RO'),(27,'BSC',NULL,'SWIMMING','RO'),(28,'LAHTI',NULL,'SWIMMING','FI'),(29,'LAHTI SWIMMING CLUB',NULL,'SWIMMING','FI');
/*!40000 ALTER TABLE `account` ENABLE KEYS */;
UNLOCK TABLES;

--
-- Table structure for table `facility`
--

DROP TABLE IF EXISTS `facility`;
/*!40101 SET @saved_cs_client     = @@character_set_client */;
/*!40101 SET character_set_client = utf8 */;
CREATE TABLE `facility` (
  `id` int(11) NOT NULL AUTO_INCREMENT,
  `name` varchar(255) COLLATE utf8_unicode_ci NOT NULL,
  `type` int(11) NOT NULL,
  PRIMARY KEY (`id`)
) ENGINE=InnoDB AUTO_INCREMENT=18 DEFAULT CHARSET=utf8 COLLATE=utf8_unicode_ci;
/*!40101 SET character_set_client = @saved_cs_client */;

--
-- Dumping data for table `facility`
--

LOCK TABLES `facility` WRITE;
/*!40000 ALTER TABLE `facility` DISABLE KEYS */;
INSERT INTO `facility` VALUES (1,'Aqualife Swimming Pool',0),(2,'Football Field',2),(3,'Active Swimming Pool',0),(4,'Multifunctional sports hall',1),(5,'Martial sports hall',1),(6,'Fitness',1),(7,'Cardio hall \"Activе\"',1),(8,'Dance hall \"Active 1\"',1),(9,'Dance hall \"Active 2\"',1),(10,'Dance hall \"Active 3\"',1),(11,'Dance hall \"Sport\"',1),(12,'Hall \"Aqualife\"',1),(13,'Basketball court',3),(14,'Volleyball court',3),(15,'Conference hall',1),(16,'Main stage',4),(17,'Stage \"Active\"',4);
/*!40000 ALTER TABLE `facility` ENABLE KEYS */;
UNLOCK TABLES;

--
-- Table structure for table `meal_schedule`
--

DROP TABLE IF EXISTS `meal_schedule`;
/*!40101 SET @saved_cs_client     = @@character_set_client */;
/*!40101 SET character_set_client = utf8 */;
CREATE TABLE `meal_schedule` (
  `id` int(11) NOT NULL AUTO_INCREMENT,
  `date` date NOT NULL,
  `account_id` int(11) DEFAULT NULL,
  `restaurant` int(11) NOT NULL,
  `breakfast_time` time DEFAULT NULL,
  `middle_breakfast_time` time DEFAULT NULL,
  `lunch_time` time DEFAULT NULL,
  `dinner_time` time DEFAULT NULL,
  `deleted` date DEFAULT NULL,
  PRIMARY KEY (`id`),
  KEY `IDX_3E2A0A899B6B5FBA` (`account_id`),
  CONSTRAINT `FK_3E2A0A899B6B5FBA` FOREIGN KEY (`account_id`) REFERENCES `account` (`id`)
) ENGINE=InnoDB AUTO_INCREMENT=124 DEFAULT CHARSET=utf8mb4 COLLATE=utf8mb4_unicode_ci;
/*!40101 SET character_set_client = @saved_cs_client */;

--
-- Dumping data for table `meal_schedule`
--

LOCK TABLES `meal_schedule` WRITE;
/*!40000 ALTER TABLE `meal_schedule` DISABLE KEYS */;
INSERT INTO `meal_schedule` VALUES (51,'2018-09-23',22,0,'09:20:00',NULL,'13:00:00','19:00:00',NULL),(52,'2018-09-24',22,0,'09:20:00',NULL,'13:00:00','19:00:00',NULL),(53,'2018-09-25',22,0,'09:20:00',NULL,'13:00:00','19:00:00',NULL),(54,'2018-09-23',22,0,'09:20:00',NULL,'13:00:00','19:00:00',NULL),(55,'2018-09-26',22,0,'09:20:00',NULL,'13:00:00','19:00:00',NULL),(56,'2018-09-27',22,0,'09:20:00',NULL,'13:00:00','19:00:00',NULL),(57,'2018-09-28',22,0,'09:20:00',NULL,'13:00:00','19:00:00',NULL),(58,'2018-09-29',22,0,'09:20:00',NULL,'13:00:00','19:00:00',NULL),(59,'2018-09-23',22,0,'09:20:00',NULL,'13:00:00','19:00:00',NULL),(60,'2018-09-30',22,0,'09:20:00',NULL,'13:00:00','19:00:00',NULL),(61,'2018-09-23',23,0,'09:20:00',NULL,'13:00:00','19:00:00',NULL),(62,'2018-09-24',23,0,'09:20:00',NULL,'13:00:00','19:00:00',NULL),(63,'2018-09-25',23,0,'09:20:00',NULL,'13:00:00','19:00:00',NULL),(64,'2018-09-26',23,0,'09:20:00',NULL,'13:00:00','19:00:00',NULL),(65,'2018-09-27',23,0,'09:20:00',NULL,'13:00:00','19:00:00',NULL),(66,'2018-09-28',23,0,'09:20:00',NULL,'13:00:00','19:00:00',NULL),(67,'2018-09-29',23,0,'09:20:00',NULL,'13:00:00','19:00:00',NULL),(68,'2018-09-30',23,0,'09:20:00',NULL,'13:00:00','19:00:00',NULL),(69,'2018-09-24',24,0,'09:00:00',NULL,'13:20:00','20:20:00',NULL),(70,'2018-09-25',24,0,'09:00:00',NULL,'13:20:00','20:20:00',NULL),(71,'2018-09-26',24,0,'09:00:00',NULL,'13:20:00','20:20:00',NULL),(72,'2018-09-27',24,0,'09:00:00',NULL,'13:20:00','20:20:00',NULL),(73,'2018-09-28',24,0,'09:00:00',NULL,'13:20:00','20:20:00',NULL),(74,'2018-09-29',24,0,'09:00:00',NULL,'13:20:00','20:20:00',NULL),(75,'2018-09-30',24,0,'09:00:00',NULL,'13:20:00','20:20:00',NULL),(76,'2018-10-01',24,0,'09:00:00',NULL,'13:20:00','20:20:00',NULL),(77,'2018-10-02',24,0,'09:00:00',NULL,'13:20:00','20:20:00',NULL),(78,'2018-10-03',24,0,'09:00:00',NULL,'13:20:00','20:20:00',NULL),(79,'2018-10-04',24,0,'09:00:00',NULL,'13:20:00','20:20:00',NULL),(80,'2018-10-05',24,0,'09:00:00',NULL,'13:20:00','20:20:00',NULL),(81,'2018-09-18',25,0,'07:30:00',NULL,'13:00:00','19:00:00',NULL),(82,'2018-09-19',25,0,'07:30:00',NULL,'13:00:00','19:00:00',NULL),(83,'2018-09-20',25,0,'07:30:00',NULL,'13:00:00','19:00:00',NULL),(84,'2018-09-21',25,0,'07:30:00',NULL,'13:00:00','19:00:00',NULL),(85,'2018-09-22',25,0,'07:30:00',NULL,'13:00:00','19:00:00',NULL),(86,'2018-09-23',25,0,'07:30:00',NULL,'12:30:00','19:00:00',NULL),(87,'2018-09-24',25,0,'07:30:00',NULL,'12:30:00','19:00:00',NULL),(88,'2018-09-25',25,0,'07:30:00',NULL,'12:30:00','19:00:00',NULL),(89,'2018-09-26',25,0,'07:30:00',NULL,'12:30:00','19:00:00',NULL),(90,'2018-09-27',25,0,'07:30:00',NULL,'12:30:00','19:00:00',NULL),(91,'2018-09-28',25,0,'07:30:00',NULL,'12:30:00','19:00:00',NULL),(92,'2018-09-29',25,0,'07:30:00',NULL,'12:30:00','19:00:00',NULL),(93,'2018-09-23',26,0,'09:20:00',NULL,'13:00:00','20:20:00',NULL),(94,'2018-09-24',26,0,'09:20:00',NULL,'13:00:00','20:20:00',NULL),(95,'2018-09-25',26,0,'09:20:00',NULL,'13:00:00','20:20:00',NULL),(96,'2018-09-26',26,0,'09:20:00',NULL,'13:00:00','20:20:00',NULL),(97,'2018-09-27',26,0,'09:20:00',NULL,'13:00:00','20:20:00',NULL),(98,'2018-09-28',26,0,'09:20:00',NULL,'13:00:00','20:20:00',NULL),(99,'2018-09-29',26,0,'09:20:00',NULL,'13:00:00','20:20:00',NULL),(100,'2018-09-30',26,0,'09:20:00',NULL,'13:00:00','20:20:00',NULL),(101,'2018-09-23',27,0,NULL,NULL,'12:45:00','18:30:00',NULL),(102,'2018-09-23',27,0,'09:20:00',NULL,'12:45:00','18:30:00',NULL),(103,'2018-09-24',27,0,'09:20:00',NULL,'12:45:00','18:30:00',NULL),(104,'2018-09-25',27,0,'09:20:00',NULL,'12:45:00','18:30:00',NULL),(105,'2018-09-26',27,0,'09:20:00',NULL,'12:45:00','18:30:00',NULL),(106,'2018-09-27',27,0,'09:20:00',NULL,'12:45:00','18:30:00',NULL),(107,'2018-09-28',27,0,'09:20:00',NULL,'12:45:00','18:30:00',NULL),(108,'2018-09-29',27,0,'09:20:00',NULL,'12:45:00','18:30:00',NULL),(109,'2018-09-30',27,0,'09:20:00',NULL,'12:45:00','18:30:00',NULL),(110,'2018-09-29',28,0,NULL,NULL,NULL,'18:30:00',NULL),(111,'2018-09-29',28,0,'08:30:00',NULL,'12:30:00','18:30:00',NULL),(112,'2018-09-30',28,0,'08:30:00',NULL,'12:30:00','18:30:00',NULL),(113,'2018-10-01',28,0,'08:30:00',NULL,'12:30:00','18:30:00',NULL),(114,'2018-10-02',28,0,'08:30:00',NULL,'12:30:00','18:30:00',NULL),(115,'2018-10-03',28,0,'08:30:00',NULL,'12:30:00','18:30:00',NULL),(116,'2018-10-04',28,0,'08:30:00',NULL,'12:30:00','18:30:00',NULL),(117,'2018-10-05',28,0,'08:30:00',NULL,'12:30:00','18:30:00',NULL),(118,'2018-10-06',28,0,'08:30:00',NULL,'12:30:00','18:30:00',NULL),(119,'2018-10-07',28,0,'08:30:00',NULL,'12:30:00','18:30:00',NULL),(120,'2018-10-08',28,0,'08:30:00',NULL,'12:30:00','18:30:00',NULL),(121,'2018-10-09',28,0,'08:30:00',NULL,'12:30:00','18:30:00',NULL),(122,'2018-09-30',29,0,NULL,NULL,NULL,NULL,NULL),(123,'2018-09-30',24,0,NULL,NULL,'11:45:00',NULL,NULL);
/*!40000 ALTER TABLE `meal_schedule` ENABLE KEYS */;
UNLOCK TABLES;

--
-- Table structure for table `migration_versions`
--

DROP TABLE IF EXISTS `migration_versions`;
/*!40101 SET @saved_cs_client     = @@character_set_client */;
/*!40101 SET character_set_client = utf8 */;
CREATE TABLE `migration_versions` (
  `version` varchar(255) COLLATE utf8_unicode_ci NOT NULL,
  PRIMARY KEY (`version`)
) ENGINE=InnoDB DEFAULT CHARSET=utf8 COLLATE=utf8_unicode_ci;
/*!40101 SET character_set_client = @saved_cs_client */;

--
-- Dumping data for table `migration_versions`
--

LOCK TABLES `migration_versions` WRITE;
/*!40000 ALTER TABLE `migration_versions` DISABLE KEYS */;
INSERT INTO `migration_versions` VALUES ('20180723115422'),('20180730220915'),('20180802180935'),('20180802183125'),('20180802201623'),('20180802213300'),('20180802214110'),('20180802220900'),('20180803180352'),('20180803182021'),('20180803184959'),('20180803185225'),('20180806113517'),('20180806121921'),('20180806121999'),('20180812184012'),('20180813213346'),('20180819132307'),('20180820062724'),('20180820070236'),('20180821182033'),('20180822180126'),('20180911183306'),('20180911193515'),('20180930173506');
/*!40000 ALTER TABLE `migration_versions` ENABLE KEYS */;
UNLOCK TABLES;

--
-- Table structure for table `query`
--

DROP TABLE IF EXISTS `query`;
/*!40101 SET @saved_cs_client     = @@character_set_client */;
/*!40101 SET character_set_client = utf8 */;
CREATE TABLE `query` (
  `id` int(11) NOT NULL AUTO_INCREMENT,
  `date_of_arrival` datetime DEFAULT NULL,
  `date_of_departure` datetime DEFAULT NULL,
  `created_at` datetime NOT NULL,
  `updated_at` datetime NOT NULL,
  `hotel` int(11) NOT NULL,
  `created_by_id` int(11) DEFAULT NULL,
  `account_id` int(11) DEFAULT NULL,
  `status` int(11) NOT NULL DEFAULT '0',
  `payed` int(11) NOT NULL,
  `deleted_at` datetime DEFAULT NULL,
  PRIMARY KEY (`id`),
  UNIQUE KEY `UNIQ_24BDB5EB9B6B5FBA` (`account_id`),
  KEY `IDX_24BDB5EBB03A8386` (`created_by_id`),
  CONSTRAINT `FK_24BDB5EB9B6B5FBA` FOREIGN KEY (`account_id`) REFERENCES `account` (`id`),
  CONSTRAINT `FK_24BDB5EBB03A8386` FOREIGN KEY (`created_by_id`) REFERENCES `user` (`id`)
) ENGINE=InnoDB AUTO_INCREMENT=28 DEFAULT CHARSET=utf8 COLLATE=utf8_unicode_ci;
/*!40101 SET character_set_client = @saved_cs_client */;

--
-- Dumping data for table `query`
--

LOCK TABLES `query` WRITE;
/*!40000 ALTER TABLE `query` DISABLE KEYS */;
INSERT INTO `query` VALUES (20,'2018-09-23 10:00:00','2018-09-30 10:00:00','2018-09-17 07:21:31','2018-09-26 17:25:29',0,1,22,2,0,NULL),(21,'2018-09-23 10:00:00','2018-09-30 10:00:00','2018-09-17 07:34:02','2018-09-19 07:54:23',0,1,23,2,0,NULL),(22,'2018-09-24 12:00:00','2018-10-05 12:00:00','2018-09-17 09:10:24','2018-09-28 11:48:10',0,1,24,1,1,NULL),(23,'2018-09-18 12:00:00','2018-09-29 12:00:00','2018-09-17 09:57:05','2018-09-20 09:00:19',0,1,25,1,1,NULL),(24,'2018-09-23 10:00:00','2018-09-30 10:00:00','2018-09-19 07:58:04','2018-09-20 07:17:24',0,1,26,2,0,NULL),(25,'2018-09-23 10:00:00','2018-09-30 10:00:00','2018-09-20 07:21:43','2018-09-26 17:29:34',0,1,27,1,1,NULL),(26,'2018-09-29 11:00:00','2018-10-09 11:00:00','2018-09-20 08:39:27','2018-09-26 07:51:46',0,1,28,2,1,NULL),(27,'2018-09-29 11:00:00','2018-10-09 11:00:00','2018-09-28 08:49:38','2018-09-28 08:53:13',0,1,29,1,1,NULL);
/*!40000 ALTER TABLE `query` ENABLE KEYS */;
UNLOCK TABLES;

--
-- Table structure for table `schedule`
--

DROP TABLE IF EXISTS `schedule`;
/*!40101 SET @saved_cs_client     = @@character_set_client */;
/*!40101 SET character_set_client = utf8 */;
CREATE TABLE `schedule` (
  `id` int(11) NOT NULL AUTO_INCREMENT,
  `facility_id` int(11) DEFAULT NULL,
  `date` date NOT NULL,
  `time_from` time NOT NULL,
  `time_to` time NOT NULL,
  `parts` int(11) NOT NULL,
  `lanes` varchar(255) COLLATE utf8_unicode_ci DEFAULT NULL,
  `account_id` int(11) DEFAULT NULL,
  `deleted` date DEFAULT NULL,
  PRIMARY KEY (`id`),
  KEY `IDX_5A3811FBA7014910` (`facility_id`),
  KEY `IDX_5A3811FB9B6B5FBA` (`account_id`),
  CONSTRAINT `FK_5A3811FB9B6B5FBA` FOREIGN KEY (`account_id`) REFERENCES `account` (`id`),
  CONSTRAINT `FK_5A3811FBA7014910` FOREIGN KEY (`facility_id`) REFERENCES `facility` (`id`)
) ENGINE=InnoDB AUTO_INCREMENT=363 DEFAULT CHARSET=utf8 COLLATE=utf8_unicode_ci;
/*!40101 SET character_set_client = @saved_cs_client */;

--
-- Dumping data for table `schedule`
--

LOCK TABLES `schedule` WRITE;
/*!40000 ALTER TABLE `schedule` DISABLE KEYS */;
INSERT INTO `schedule` VALUES (106,1,'2018-09-23','07:00:00','09:00:00',3,NULL,22,'2018-09-17'),(107,1,'2018-09-23','14:00:00','16:00:00',0,NULL,22,'2018-09-17'),(108,1,'2018-09-23','07:00:00','09:00:00',0,NULL,22,'2018-09-17'),(109,1,'2018-09-23','14:00:00','16:00:00',0,NULL,22,'2018-09-17'),(110,1,'2018-09-24','07:00:00','09:00:00',0,NULL,22,'2018-09-17'),(111,1,'2018-09-24','14:00:00','16:00:00',3,NULL,22,'2018-09-17'),(112,1,'2018-09-25','07:00:00','09:00:00',3,NULL,22,'2018-09-17'),(113,1,'2018-09-25','14:00:00','16:00:00',0,NULL,22,'2018-09-17'),(114,1,'2018-09-26','07:00:00','09:00:00',3,NULL,22,'2018-09-17'),(115,1,'2018-09-26','14:00:00','16:00:00',0,NULL,22,'2018-09-17'),(116,1,'2018-09-27','07:00:00','09:00:00',3,NULL,22,'2018-09-17'),(117,1,'2018-09-27','14:00:00','16:00:00',0,NULL,22,'2018-09-17'),(118,1,'2018-09-28','07:00:00','09:00:00',3,NULL,22,'2018-09-17'),(119,1,'2018-09-28','14:00:00','16:00:00',0,NULL,22,'2018-09-17'),(120,1,'2018-09-29','07:00:00','09:00:00',3,NULL,22,'2018-09-17'),(121,1,'2018-09-29','14:00:00','16:00:00',0,NULL,22,'2018-09-17'),(122,1,'2018-09-30','07:00:00','09:00:00',3,NULL,22,'2018-09-17'),(123,1,'2018-09-30','14:00:00','16:00:00',0,NULL,22,'2018-09-17'),(124,1,'2018-10-01','07:00:00','09:00:00',0,NULL,22,'2018-09-17'),(125,1,'2018-10-01','14:00:00','16:00:00',0,NULL,22,'2018-09-17'),(126,1,'2018-10-02','07:00:00','09:00:00',0,NULL,22,'2018-09-17'),(127,1,'2018-10-02','14:00:00','16:00:00',0,NULL,22,'2018-09-17'),(128,1,'2018-10-03','07:00:00','09:00:00',0,NULL,22,'2018-09-17'),(129,1,'2018-10-03','14:00:00','16:00:00',0,NULL,22,'2018-09-17'),(130,1,'2018-10-04','07:00:00','09:00:00',0,NULL,22,'2018-09-17'),(131,1,'2018-10-04','14:00:00','16:00:00',0,NULL,22,'2018-09-17'),(132,1,'2018-10-05','07:00:00','09:00:00',0,NULL,22,'2018-09-17'),(133,1,'2018-10-05','14:00:00','16:00:00',0,NULL,22,'2018-09-17'),(134,1,'2018-10-06','07:00:00','09:00:00',0,NULL,22,'2018-09-17'),(135,1,'2018-10-06','14:00:00','16:00:00',0,NULL,22,'2018-09-17'),(136,1,'2018-10-07','07:00:00','09:00:00',0,NULL,22,'2018-09-17'),(137,1,'2018-10-07','14:00:00','16:00:00',0,NULL,22,'2018-09-17'),(138,1,'2018-10-08','07:00:00','09:00:00',0,NULL,22,'2018-09-17'),(139,1,'2018-10-08','14:00:00','16:00:00',0,NULL,22,'2018-09-17'),(140,1,'2018-10-09','07:00:00','09:00:00',0,NULL,22,'2018-09-17'),(141,1,'2018-10-09','14:00:00','16:00:00',0,NULL,22,'2018-09-17'),(142,1,'2018-10-10','07:00:00','09:00:00',0,NULL,22,'2018-09-17'),(143,1,'2018-10-10','14:00:00','16:00:00',0,NULL,22,'2018-09-17'),(144,1,'2018-10-11','07:00:00','09:00:00',0,NULL,22,'2018-09-17'),(145,1,'2018-10-11','14:00:00','16:00:00',0,NULL,22,'2018-09-17'),(146,1,'2018-10-12','07:00:00','09:00:00',0,NULL,22,'2018-09-17'),(147,1,'2018-10-12','14:00:00','16:00:00',0,NULL,22,'2018-09-17'),(148,1,'2018-10-13','07:00:00','09:00:00',0,NULL,22,'2018-09-17'),(149,1,'2018-10-13','14:00:00','16:00:00',0,NULL,22,'2018-09-17'),(150,1,'2018-10-14','07:00:00','09:00:00',0,NULL,22,'2018-09-17'),(151,1,'2018-10-14','14:00:00','16:00:00',0,NULL,22,'2018-09-17'),(152,1,'2018-10-15','07:00:00','09:00:00',0,NULL,22,'2018-09-17'),(153,1,'2018-10-15','14:00:00','16:00:00',0,NULL,22,'2018-09-17'),(154,1,'2018-10-16','07:00:00','09:00:00',0,NULL,22,'2018-09-17'),(155,1,'2018-10-16','14:00:00','16:00:00',0,NULL,22,'2018-09-17'),(156,1,'2018-10-17','07:00:00','09:00:00',0,NULL,22,'2018-09-17'),(157,1,'2018-10-17','14:00:00','16:00:00',0,NULL,22,'2018-09-17'),(158,1,'2018-10-18','07:00:00','09:00:00',0,NULL,22,'2018-09-17'),(159,1,'2018-10-18','14:00:00','16:00:00',0,NULL,22,'2018-09-17'),(160,1,'2018-10-19','07:00:00','09:00:00',0,NULL,22,'2018-09-17'),(161,1,'2018-10-19','14:00:00','16:00:00',0,NULL,22,'2018-09-17'),(162,1,'2018-10-20','07:00:00','09:00:00',0,NULL,22,'2018-09-17'),(163,1,'2018-10-20','14:00:00','16:00:00',0,NULL,22,'2018-09-17'),(164,1,'2018-10-21','07:00:00','09:00:00',0,NULL,22,'2018-09-17'),(165,1,'2018-10-21','14:00:00','16:00:00',0,NULL,22,'2018-09-17'),(166,1,'2018-10-22','07:00:00','09:00:00',0,NULL,22,'2018-09-17'),(167,1,'2018-10-22','14:00:00','16:00:00',0,NULL,22,'2018-09-17'),(168,1,'2018-10-23','07:00:00','09:00:00',0,NULL,22,'2018-09-17'),(169,1,'2018-10-23','14:00:00','16:00:00',0,NULL,22,'2018-09-17'),(170,1,'2018-10-24','07:00:00','09:00:00',0,NULL,22,'2018-09-17'),(171,1,'2018-10-24','14:00:00','16:00:00',0,NULL,22,'2018-09-17'),(172,1,'2018-10-25','07:00:00','09:00:00',0,NULL,22,'2018-09-17'),(173,1,'2018-10-25','14:00:00','16:00:00',0,NULL,22,'2018-09-17'),(174,1,'2018-10-26','07:00:00','09:00:00',0,NULL,22,'2018-09-17'),(175,1,'2018-10-26','14:00:00','16:00:00',0,NULL,22,'2018-09-17'),(176,1,'2018-10-27','07:00:00','09:00:00',0,NULL,22,'2018-09-17'),(177,1,'2018-10-27','14:00:00','16:00:00',0,NULL,22,'2018-09-17'),(178,1,'2018-10-28','07:00:00','09:00:00',0,NULL,22,'2018-09-17'),(179,1,'2018-10-28','14:00:00','16:00:00',0,NULL,22,'2018-09-17'),(180,1,'2018-10-29','07:00:00','09:00:00',0,NULL,22,'2018-09-17'),(181,1,'2018-10-29','14:00:00','16:00:00',0,NULL,22,'2018-09-17'),(182,1,'2018-10-30','07:00:00','09:00:00',0,NULL,22,'2018-09-17'),(183,1,'2018-10-30','14:00:00','16:00:00',0,NULL,22,'2018-09-17'),(184,1,'2018-09-23','07:00:00','09:00:00',2,'a:1:{i:4;s:2:\"on\";}',23,NULL),(185,1,'2018-09-23','14:00:00','16:00:00',3,'a:1:{i:4;s:2:\"on\";}',23,'2018-09-17'),(186,1,'2018-09-24','07:00:00','09:00:00',2,'a:1:{i:4;s:2:\"on\";}',23,NULL),(187,1,'2018-09-24','14:00:00','16:00:00',3,'a:1:{i:4;s:2:\"on\";}',23,'2018-09-17'),(188,1,'2018-09-25','07:00:00','09:00:00',2,'a:1:{i:4;s:2:\"on\";}',23,NULL),(189,1,'2018-09-25','14:00:00','16:00:00',3,'a:1:{i:4;s:2:\"on\";}',23,'2018-09-17'),(190,1,'2018-09-26','07:00:00','09:00:00',2,'a:1:{i:4;s:2:\"on\";}',23,NULL),(191,1,'2018-09-26','14:00:00','16:00:00',3,'a:1:{i:4;s:2:\"on\";}',23,'2018-09-17'),(192,1,'2018-09-27','07:00:00','09:00:00',2,'a:1:{i:4;s:2:\"on\";}',23,NULL),(193,1,'2018-09-27','14:00:00','16:00:00',3,'a:1:{i:4;s:2:\"on\";}',23,'2018-09-17'),(194,1,'2018-09-28','07:00:00','09:00:00',2,'a:1:{i:4;s:2:\"on\";}',23,NULL),(195,1,'2018-09-28','14:00:00','16:00:00',3,'a:1:{i:4;s:2:\"on\";}',23,'2018-09-17'),(196,1,'2018-09-29','07:00:00','09:00:00',2,'a:1:{i:4;s:2:\"on\";}',23,NULL),(197,1,'2018-09-29','14:00:00','16:00:00',3,'a:1:{i:4;s:2:\"on\";}',23,'2018-09-17'),(198,1,'2018-09-30','07:00:00','09:00:00',3,'a:1:{i:4;s:2:\"on\";}',23,'2018-09-17'),(199,1,'2018-09-30','14:00:00','16:00:00',2,'a:1:{i:4;s:2:\"on\";}',23,NULL),(200,1,'2018-09-24','11:00:00','13:00:00',7,'a:8:{i:1;s:2:\"on\";i:2;s:2:\"on\";i:3;s:2:\"on\";i:4;s:2:\"on\";i:5;s:2:\"on\";i:6;s:2:\"on\";i:7;s:2:\"on\";i:8;s:2:\"on\";}',24,NULL),(201,1,'2018-09-24','18:00:00','20:00:00',7,'a:8:{i:1;s:2:\"on\";i:2;s:2:\"on\";i:3;s:2:\"on\";i:4;s:2:\"on\";i:5;s:2:\"on\";i:6;s:2:\"on\";i:7;s:2:\"on\";i:8;s:2:\"on\";}',24,NULL),(202,1,'2018-09-25','11:00:00','13:00:00',7,'a:8:{i:1;s:2:\"on\";i:2;s:2:\"on\";i:3;s:2:\"on\";i:4;s:2:\"on\";i:5;s:2:\"on\";i:6;s:2:\"on\";i:7;s:2:\"on\";i:8;s:2:\"on\";}',24,NULL),(203,1,'2018-09-25','18:00:00','20:00:00',7,'a:8:{i:1;s:2:\"on\";i:2;s:2:\"on\";i:3;s:2:\"on\";i:4;s:2:\"on\";i:5;s:2:\"on\";i:6;s:2:\"on\";i:7;s:2:\"on\";i:8;s:2:\"on\";}',24,NULL),(204,1,'2018-09-26','11:00:00','13:00:00',7,'a:8:{i:1;s:2:\"on\";i:2;s:2:\"on\";i:3;s:2:\"on\";i:4;s:2:\"on\";i:5;s:2:\"on\";i:6;s:2:\"on\";i:7;s:2:\"on\";i:8;s:2:\"on\";}',24,NULL),(205,1,'2018-09-26','18:00:00','20:00:00',7,'a:8:{i:1;s:2:\"on\";i:2;s:2:\"on\";i:3;s:2:\"on\";i:4;s:2:\"on\";i:5;s:2:\"on\";i:6;s:2:\"on\";i:7;s:2:\"on\";i:8;s:2:\"on\";}',24,NULL),(206,1,'2018-09-27','11:00:00','13:00:00',7,'a:8:{i:1;s:2:\"on\";i:2;s:2:\"on\";i:3;s:2:\"on\";i:4;s:2:\"on\";i:5;s:2:\"on\";i:6;s:2:\"on\";i:7;s:2:\"on\";i:8;s:2:\"on\";}',24,NULL),(207,1,'2018-09-27','18:00:00','20:00:00',7,'a:8:{i:1;s:2:\"on\";i:2;s:2:\"on\";i:3;s:2:\"on\";i:4;s:2:\"on\";i:5;s:2:\"on\";i:6;s:2:\"on\";i:7;s:2:\"on\";i:8;s:2:\"on\";}',24,NULL),(208,1,'2018-09-28','11:00:00','13:00:00',7,'a:8:{i:1;s:2:\"on\";i:2;s:2:\"on\";i:3;s:2:\"on\";i:4;s:2:\"on\";i:5;s:2:\"on\";i:6;s:2:\"on\";i:7;s:2:\"on\";i:8;s:2:\"on\";}',24,NULL),(209,1,'2018-09-28','18:00:00','20:00:00',7,'a:8:{i:1;s:2:\"on\";i:2;s:2:\"on\";i:3;s:2:\"on\";i:4;s:2:\"on\";i:5;s:2:\"on\";i:6;s:2:\"on\";i:7;s:2:\"on\";i:8;s:2:\"on\";}',24,NULL),(210,1,'2018-09-29','11:00:00','13:00:00',7,'a:8:{i:1;s:2:\"on\";i:2;s:2:\"on\";i:3;s:2:\"on\";i:4;s:2:\"on\";i:5;s:2:\"on\";i:6;s:2:\"on\";i:7;s:2:\"on\";i:8;s:2:\"on\";}',24,NULL),(211,1,'2018-09-29','18:00:00','20:00:00',7,'a:8:{i:1;s:2:\"on\";i:2;s:2:\"on\";i:3;s:2:\"on\";i:4;s:2:\"on\";i:5;s:2:\"on\";i:6;s:2:\"on\";i:7;s:2:\"on\";i:8;s:2:\"on\";}',24,NULL),(212,1,'2018-09-30','11:00:00','13:00:00',7,'a:8:{i:1;s:2:\"on\";i:2;s:2:\"on\";i:3;s:2:\"on\";i:4;s:2:\"on\";i:5;s:2:\"on\";i:6;s:2:\"on\";i:7;s:2:\"on\";i:8;s:2:\"on\";}',24,NULL),(213,1,'2018-09-30','18:00:00','20:00:00',7,'a:8:{i:1;s:2:\"on\";i:2;s:2:\"on\";i:3;s:2:\"on\";i:4;s:2:\"on\";i:5;s:2:\"on\";i:6;s:2:\"on\";i:7;s:2:\"on\";i:8;s:2:\"on\";}',24,NULL),(214,1,'2018-10-01','11:00:00','13:00:00',7,'a:8:{i:1;s:2:\"on\";i:2;s:2:\"on\";i:3;s:2:\"on\";i:4;s:2:\"on\";i:5;s:2:\"on\";i:6;s:2:\"on\";i:7;s:2:\"on\";i:8;s:2:\"on\";}',24,NULL),(215,1,'2018-10-01','18:00:00','20:00:00',7,'a:8:{i:1;s:2:\"on\";i:2;s:2:\"on\";i:3;s:2:\"on\";i:4;s:2:\"on\";i:5;s:2:\"on\";i:6;s:2:\"on\";i:7;s:2:\"on\";i:8;s:2:\"on\";}',24,NULL),(216,1,'2018-10-02','11:00:00','13:00:00',7,'a:8:{i:1;s:2:\"on\";i:2;s:2:\"on\";i:3;s:2:\"on\";i:4;s:2:\"on\";i:5;s:2:\"on\";i:6;s:2:\"on\";i:7;s:2:\"on\";i:8;s:2:\"on\";}',24,NULL),(217,1,'2018-10-02','18:00:00','20:00:00',7,'a:8:{i:1;s:2:\"on\";i:2;s:2:\"on\";i:3;s:2:\"on\";i:4;s:2:\"on\";i:5;s:2:\"on\";i:6;s:2:\"on\";i:7;s:2:\"on\";i:8;s:2:\"on\";}',24,NULL),(218,1,'2018-10-03','11:00:00','13:00:00',7,'a:8:{i:1;s:2:\"on\";i:2;s:2:\"on\";i:3;s:2:\"on\";i:4;s:2:\"on\";i:5;s:2:\"on\";i:6;s:2:\"on\";i:7;s:2:\"on\";i:8;s:2:\"on\";}',24,NULL),(219,1,'2018-10-03','18:00:00','20:00:00',7,'a:8:{i:1;s:2:\"on\";i:2;s:2:\"on\";i:3;s:2:\"on\";i:4;s:2:\"on\";i:5;s:2:\"on\";i:6;s:2:\"on\";i:7;s:2:\"on\";i:8;s:2:\"on\";}',24,NULL),(220,1,'2018-10-04','11:00:00','13:00:00',7,'a:8:{i:1;s:2:\"on\";i:2;s:2:\"on\";i:3;s:2:\"on\";i:4;s:2:\"on\";i:5;s:2:\"on\";i:6;s:2:\"on\";i:7;s:2:\"on\";i:8;s:2:\"on\";}',24,NULL),(221,1,'2018-10-04','18:00:00','20:00:00',7,'a:8:{i:1;s:2:\"on\";i:2;s:2:\"on\";i:3;s:2:\"on\";i:4;s:2:\"on\";i:5;s:2:\"on\";i:6;s:2:\"on\";i:7;s:2:\"on\";i:8;s:2:\"on\";}',24,NULL),(222,1,'2018-10-05','11:00:00','13:00:00',7,'a:8:{i:1;s:2:\"on\";i:2;s:2:\"on\";i:3;s:2:\"on\";i:4;s:2:\"on\";i:5;s:2:\"on\";i:6;s:2:\"on\";i:7;s:2:\"on\";i:8;s:2:\"on\";}',24,NULL),(223,1,'2018-10-05','18:00:00','20:00:00',7,'a:8:{i:1;s:2:\"on\";i:2;s:2:\"on\";i:3;s:2:\"on\";i:4;s:2:\"on\";i:5;s:2:\"on\";i:6;s:2:\"on\";i:7;s:2:\"on\";i:8;s:2:\"on\";}',24,NULL),(224,1,'2018-09-18','09:00:00','13:00:00',7,'a:8:{i:1;s:2:\"on\";i:2;s:2:\"on\";i:3;s:2:\"on\";i:4;s:2:\"on\";i:5;s:2:\"on\";i:6;s:2:\"on\";i:7;s:2:\"on\";i:8;s:2:\"on\";}',25,NULL),(225,1,'2018-09-18','16:00:00','18:00:00',7,'a:8:{i:1;s:2:\"on\";i:2;s:2:\"on\";i:3;s:2:\"on\";i:4;s:2:\"on\";i:5;s:2:\"on\";i:6;s:2:\"on\";i:7;s:2:\"on\";i:8;s:2:\"on\";}',25,'2018-09-17'),(226,1,'2018-09-18','09:00:00','11:00:00',7,'a:8:{i:1;s:2:\"on\";i:2;s:2:\"on\";i:3;s:2:\"on\";i:4;s:2:\"on\";i:5;s:2:\"on\";i:6;s:2:\"on\";i:7;s:2:\"on\";i:8;s:2:\"on\";}',25,'2018-09-17'),(227,1,'2018-09-18','15:30:00','19:30:00',7,'a:8:{i:1;s:2:\"on\";i:2;s:2:\"on\";i:3;s:2:\"on\";i:4;s:2:\"on\";i:5;s:2:\"on\";i:6;s:2:\"on\";i:7;s:2:\"on\";i:8;s:2:\"on\";}',25,NULL),(228,1,'2018-09-19','09:00:00','13:00:00',7,'a:8:{i:1;s:2:\"on\";i:2;s:2:\"on\";i:3;s:2:\"on\";i:4;s:2:\"on\";i:5;s:2:\"on\";i:6;s:2:\"on\";i:7;s:2:\"on\";i:8;s:2:\"on\";}',25,NULL),(229,1,'2018-09-19','15:30:00','19:30:00',7,'a:8:{i:1;s:2:\"on\";i:2;s:2:\"on\";i:3;s:2:\"on\";i:4;s:2:\"on\";i:5;s:2:\"on\";i:6;s:2:\"on\";i:7;s:2:\"on\";i:8;s:2:\"on\";}',25,NULL),(230,1,'2018-09-20','09:00:00','13:00:00',7,'a:8:{i:1;s:2:\"on\";i:2;s:2:\"on\";i:3;s:2:\"on\";i:4;s:2:\"on\";i:5;s:2:\"on\";i:6;s:2:\"on\";i:7;s:2:\"on\";i:8;s:2:\"on\";}',25,NULL),(231,1,'2018-09-20','15:30:00','19:30:00',7,'a:8:{i:1;s:2:\"on\";i:2;s:2:\"on\";i:3;s:2:\"on\";i:4;s:2:\"on\";i:5;s:2:\"on\";i:6;s:2:\"on\";i:7;s:2:\"on\";i:8;s:2:\"on\";}',25,NULL),(232,1,'2018-09-21','09:00:00','13:00:00',7,'a:8:{i:1;s:2:\"on\";i:2;s:2:\"on\";i:3;s:2:\"on\";i:4;s:2:\"on\";i:5;s:2:\"on\";i:6;s:2:\"on\";i:7;s:2:\"on\";i:8;s:2:\"on\";}',25,NULL),(233,1,'2018-09-21','15:30:00','19:30:00',7,'a:8:{i:1;s:2:\"on\";i:2;s:2:\"on\";i:3;s:2:\"on\";i:4;s:2:\"on\";i:5;s:2:\"on\";i:6;s:2:\"on\";i:7;s:2:\"on\";i:8;s:2:\"on\";}',25,NULL),(234,1,'2018-09-22','09:00:00','13:00:00',7,'a:8:{i:1;s:2:\"on\";i:2;s:2:\"on\";i:3;s:2:\"on\";i:4;s:2:\"on\";i:5;s:2:\"on\";i:6;s:2:\"on\";i:7;s:2:\"on\";i:8;s:2:\"on\";}',25,NULL),(235,1,'2018-09-22','15:30:00','19:30:00',7,'a:8:{i:1;s:2:\"on\";i:2;s:2:\"on\";i:3;s:2:\"on\";i:4;s:2:\"on\";i:5;s:2:\"on\";i:6;s:2:\"on\";i:7;s:2:\"on\";i:8;s:2:\"on\";}',25,NULL),(236,1,'2018-09-23','09:00:00','13:00:00',7,'a:8:{i:1;s:2:\"on\";i:2;s:2:\"on\";i:3;s:2:\"on\";i:4;s:2:\"on\";i:5;s:2:\"on\";i:6;s:2:\"on\";i:7;s:2:\"on\";i:8;s:2:\"on\";}',25,NULL),(237,1,'2018-09-23','16:00:00','18:00:00',7,'a:8:{i:1;s:2:\"on\";i:2;s:2:\"on\";i:3;s:2:\"on\";i:4;s:2:\"on\";i:5;s:2:\"on\";i:6;s:2:\"on\";i:7;s:2:\"on\";i:8;s:2:\"on\";}',25,NULL),(238,1,'2018-09-24','09:00:00','11:00:00',7,'a:8:{i:1;s:2:\"on\";i:2;s:2:\"on\";i:3;s:2:\"on\";i:4;s:2:\"on\";i:5;s:2:\"on\";i:6;s:2:\"on\";i:7;s:2:\"on\";i:8;s:2:\"on\";}',25,NULL),(239,1,'2018-09-24','16:00:00','18:00:00',7,'a:8:{i:1;s:2:\"on\";i:2;s:2:\"on\";i:3;s:2:\"on\";i:4;s:2:\"on\";i:5;s:2:\"on\";i:6;s:2:\"on\";i:7;s:2:\"on\";i:8;s:2:\"on\";}',25,NULL),(240,1,'2018-09-25','09:00:00','11:00:00',7,'a:8:{i:1;s:2:\"on\";i:2;s:2:\"on\";i:3;s:2:\"on\";i:4;s:2:\"on\";i:5;s:2:\"on\";i:6;s:2:\"on\";i:7;s:2:\"on\";i:8;s:2:\"on\";}',25,NULL),(241,1,'2018-09-25','16:00:00','18:00:00',7,'a:8:{i:1;s:2:\"on\";i:2;s:2:\"on\";i:3;s:2:\"on\";i:4;s:2:\"on\";i:5;s:2:\"on\";i:6;s:2:\"on\";i:7;s:2:\"on\";i:8;s:2:\"on\";}',25,NULL),(242,1,'2018-09-26','09:00:00','11:00:00',7,'a:8:{i:1;s:2:\"on\";i:2;s:2:\"on\";i:3;s:2:\"on\";i:4;s:2:\"on\";i:5;s:2:\"on\";i:6;s:2:\"on\";i:7;s:2:\"on\";i:8;s:2:\"on\";}',25,NULL),(243,1,'2018-09-26','16:00:00','18:00:00',7,'a:8:{i:1;s:2:\"on\";i:2;s:2:\"on\";i:3;s:2:\"on\";i:4;s:2:\"on\";i:5;s:2:\"on\";i:6;s:2:\"on\";i:7;s:2:\"on\";i:8;s:2:\"on\";}',25,NULL),(244,1,'2018-09-27','09:00:00','11:00:00',7,'a:8:{i:1;s:2:\"on\";i:2;s:2:\"on\";i:3;s:2:\"on\";i:4;s:2:\"on\";i:5;s:2:\"on\";i:6;s:2:\"on\";i:7;s:2:\"on\";i:8;s:2:\"on\";}',25,NULL),(245,1,'2018-09-27','16:00:00','18:00:00',7,'a:8:{i:1;s:2:\"on\";i:2;s:2:\"on\";i:3;s:2:\"on\";i:4;s:2:\"on\";i:5;s:2:\"on\";i:6;s:2:\"on\";i:7;s:2:\"on\";i:8;s:2:\"on\";}',25,NULL),(246,1,'2018-09-28','09:00:00','11:00:00',7,'a:8:{i:1;s:2:\"on\";i:2;s:2:\"on\";i:3;s:2:\"on\";i:4;s:2:\"on\";i:5;s:2:\"on\";i:6;s:2:\"on\";i:7;s:2:\"on\";i:8;s:2:\"on\";}',25,NULL),(247,1,'2018-09-28','16:00:00','18:00:00',7,'a:8:{i:1;s:2:\"on\";i:2;s:2:\"on\";i:3;s:2:\"on\";i:4;s:2:\"on\";i:5;s:2:\"on\";i:6;s:2:\"on\";i:7;s:2:\"on\";i:8;s:2:\"on\";}',25,NULL),(248,1,'2018-09-29','09:00:00','11:00:00',7,'a:8:{i:1;s:2:\"on\";i:2;s:2:\"on\";i:3;s:2:\"on\";i:4;s:2:\"on\";i:5;s:2:\"on\";i:6;s:2:\"on\";i:7;s:2:\"on\";i:8;s:2:\"on\";}',25,NULL),(249,1,'2018-09-29','16:00:00','18:00:00',7,'a:8:{i:1;s:2:\"on\";i:2;s:2:\"on\";i:3;s:2:\"on\";i:4;s:2:\"on\";i:5;s:2:\"on\";i:6;s:2:\"on\";i:7;s:2:\"on\";i:8;s:2:\"on\";}',25,NULL),(250,1,'2018-09-23','07:00:00','09:00:00',3,'a:4:{i:1;s:2:\"on\";i:2;s:2:\"on\";i:3;s:2:\"on\";i:4;s:2:\"on\";}',26,NULL),(251,1,'2018-09-23','14:00:00','16:00:00',3,'a:4:{i:1;s:2:\"on\";i:2;s:2:\"on\";i:3;s:2:\"on\";i:4;s:2:\"on\";}',26,NULL),(252,1,'2018-09-23','07:00:00','09:00:00',3,'a:4:{i:1;s:2:\"on\";i:2;s:2:\"on\";i:3;s:2:\"on\";i:4;s:2:\"on\";}',26,NULL),(253,1,'2018-09-23','14:00:00','16:00:00',3,'a:4:{i:1;s:2:\"on\";i:2;s:2:\"on\";i:3;s:2:\"on\";i:4;s:2:\"on\";}',26,NULL),(254,1,'2018-09-24','07:00:00','09:00:00',3,'a:4:{i:1;s:2:\"on\";i:2;s:2:\"on\";i:3;s:2:\"on\";i:4;s:2:\"on\";}',26,NULL),(255,1,'2018-09-24','14:00:00','16:00:00',3,'a:4:{i:1;s:2:\"on\";i:2;s:2:\"on\";i:3;s:2:\"on\";i:4;s:2:\"on\";}',26,NULL),(256,1,'2018-09-25','07:00:00','09:00:00',3,'a:4:{i:1;s:2:\"on\";i:2;s:2:\"on\";i:3;s:2:\"on\";i:4;s:2:\"on\";}',26,NULL),(257,1,'2018-09-25','14:00:00','16:00:00',3,'a:4:{i:1;s:2:\"on\";i:2;s:2:\"on\";i:3;s:2:\"on\";i:4;s:2:\"on\";}',26,NULL),(258,1,'2018-09-26','07:00:00','09:00:00',3,'a:4:{i:1;s:2:\"on\";i:2;s:2:\"on\";i:3;s:2:\"on\";i:4;s:2:\"on\";}',26,NULL),(259,1,'2018-09-26','14:00:00','16:00:00',3,'a:4:{i:1;s:2:\"on\";i:2;s:2:\"on\";i:3;s:2:\"on\";i:4;s:2:\"on\";}',26,NULL),(260,1,'2018-09-27','07:00:00','09:00:00',3,'a:4:{i:1;s:2:\"on\";i:2;s:2:\"on\";i:3;s:2:\"on\";i:4;s:2:\"on\";}',26,NULL),(261,1,'2018-09-27','14:00:00','16:00:00',3,'a:4:{i:1;s:2:\"on\";i:2;s:2:\"on\";i:3;s:2:\"on\";i:4;s:2:\"on\";}',26,NULL),(262,1,'2018-09-28','07:00:00','09:00:00',3,'a:4:{i:1;s:2:\"on\";i:2;s:2:\"on\";i:3;s:2:\"on\";i:4;s:2:\"on\";}',26,NULL),(263,1,'2018-09-28','14:00:00','16:00:00',3,'a:4:{i:1;s:2:\"on\";i:2;s:2:\"on\";i:3;s:2:\"on\";i:4;s:2:\"on\";}',26,NULL),(264,1,'2018-09-29','07:00:00','09:00:00',3,'a:4:{i:1;s:2:\"on\";i:2;s:2:\"on\";i:3;s:2:\"on\";i:4;s:2:\"on\";}',26,NULL),(265,1,'2018-09-29','14:00:00','16:00:00',3,'a:4:{i:1;s:2:\"on\";i:2;s:2:\"on\";i:3;s:2:\"on\";i:4;s:2:\"on\";}',26,NULL),(266,1,'2018-09-30','07:00:00','09:00:00',3,'a:4:{i:1;s:2:\"on\";i:2;s:2:\"on\";i:3;s:2:\"on\";i:4;s:2:\"on\";}',26,NULL),(267,1,'2018-09-30','14:00:00','16:00:00',3,'a:4:{i:1;s:2:\"on\";i:2;s:2:\"on\";i:3;s:2:\"on\";i:4;s:2:\"on\";}',26,NULL),(268,1,'2018-09-23','14:00:00','16:00:00',3,'a:4:{i:1;s:2:\"on\";i:2;s:2:\"on\";i:3;s:2:\"on\";i:4;s:2:\"on\";}',27,NULL),(269,1,'2018-09-23','07:00:00','09:00:00',3,'a:4:{i:1;s:2:\"on\";i:2;s:2:\"on\";i:3;s:2:\"on\";i:4;s:2:\"on\";}',27,NULL),(270,1,'2018-09-23','14:00:00','16:00:00',3,'a:4:{i:1;s:2:\"on\";i:2;s:2:\"on\";i:3;s:2:\"on\";i:4;s:2:\"on\";}',27,NULL),(271,1,'2018-09-24','07:00:00','09:00:00',3,'a:4:{i:1;s:2:\"on\";i:2;s:2:\"on\";i:3;s:2:\"on\";i:4;s:2:\"on\";}',27,NULL),(272,1,'2018-09-24','14:00:00','16:00:00',3,'a:4:{i:1;s:2:\"on\";i:2;s:2:\"on\";i:3;s:2:\"on\";i:4;s:2:\"on\";}',27,NULL),(273,1,'2018-09-25','07:00:00','09:00:00',3,'a:4:{i:1;s:2:\"on\";i:2;s:2:\"on\";i:3;s:2:\"on\";i:4;s:2:\"on\";}',27,NULL),(274,1,'2018-09-25','14:00:00','16:00:00',3,'a:4:{i:1;s:2:\"on\";i:2;s:2:\"on\";i:3;s:2:\"on\";i:4;s:2:\"on\";}',27,NULL),(275,1,'2018-09-26','07:00:00','09:00:00',3,'a:4:{i:1;s:2:\"on\";i:2;s:2:\"on\";i:3;s:2:\"on\";i:4;s:2:\"on\";}',27,NULL),(276,1,'2018-09-26','14:00:00','16:00:00',3,'a:4:{i:1;s:2:\"on\";i:2;s:2:\"on\";i:3;s:2:\"on\";i:4;s:2:\"on\";}',27,NULL),(277,1,'2018-09-27','07:00:00','09:00:00',3,'a:4:{i:1;s:2:\"on\";i:2;s:2:\"on\";i:3;s:2:\"on\";i:4;s:2:\"on\";}',27,NULL),(278,1,'2018-09-27','14:00:00','16:00:00',3,'a:4:{i:1;s:2:\"on\";i:2;s:2:\"on\";i:3;s:2:\"on\";i:4;s:2:\"on\";}',27,NULL),(279,1,'2018-09-28','07:00:00','09:00:00',3,'a:4:{i:1;s:2:\"on\";i:2;s:2:\"on\";i:3;s:2:\"on\";i:4;s:2:\"on\";}',27,NULL),(280,1,'2018-09-28','14:00:00','16:00:00',3,'a:4:{i:1;s:2:\"on\";i:2;s:2:\"on\";i:3;s:2:\"on\";i:4;s:2:\"on\";}',27,NULL),(281,1,'2018-09-29','07:00:00','09:00:00',3,'a:4:{i:1;s:2:\"on\";i:2;s:2:\"on\";i:3;s:2:\"on\";i:4;s:2:\"on\";}',27,NULL),(282,1,'2018-09-29','14:00:00','16:00:00',3,'a:4:{i:1;s:2:\"on\";i:2;s:2:\"on\";i:3;s:2:\"on\";i:4;s:2:\"on\";}',27,NULL),(283,1,'2018-09-30','07:00:00','09:00:00',3,'a:4:{i:1;s:2:\"on\";i:2;s:2:\"on\";i:3;s:2:\"on\";i:4;s:2:\"on\";}',27,NULL),(284,6,'2018-09-23','11:00:00','12:00:00',0,NULL,25,NULL),(285,6,'2018-09-23','18:00:00','19:00:00',0,NULL,25,NULL),(286,6,'2018-09-24','11:00:00','12:00:00',0,NULL,25,NULL),(287,6,'2018-09-24','18:00:00','19:00:00',0,NULL,25,NULL),(288,6,'2018-09-25','11:00:00','12:00:00',0,NULL,25,NULL),(289,6,'2018-09-25','18:00:00','19:00:00',0,NULL,25,NULL),(290,6,'2018-09-26','11:00:00','12:00:00',0,NULL,25,NULL),(291,6,'2018-09-26','18:00:00','19:00:00',0,NULL,25,NULL),(292,6,'2018-09-27','11:00:00','12:00:00',0,NULL,25,NULL),(293,6,'2018-09-27','18:00:00','19:00:00',0,NULL,25,NULL),(294,6,'2018-09-28','11:00:00','12:00:00',0,NULL,25,NULL),(295,6,'2018-09-28','18:00:00','19:00:00',0,NULL,25,NULL),(296,6,'2018-09-29','11:00:00','12:00:00',0,NULL,25,NULL),(297,6,'2018-09-29','18:00:00','19:00:00',0,NULL,25,NULL),(298,1,'2018-09-30','09:00:00','11:00:00',3,'a:4:{i:1;s:2:\"on\";i:2;s:2:\"on\";i:3;s:2:\"on\";i:4;s:2:\"on\";}',28,NULL),(299,1,'2018-09-30','16:00:00','18:00:00',3,'a:4:{i:1;s:2:\"on\";i:2;s:2:\"on\";i:3;s:2:\"on\";i:4;s:2:\"on\";}',28,NULL),(300,1,'2018-10-01','09:00:00','11:00:00',3,'a:4:{i:1;s:2:\"on\";i:2;s:2:\"on\";i:3;s:2:\"on\";i:4;s:2:\"on\";}',28,NULL),(301,1,'2018-10-01','16:00:00','18:00:00',3,'a:4:{i:1;s:2:\"on\";i:2;s:2:\"on\";i:3;s:2:\"on\";i:4;s:2:\"on\";}',28,NULL),(302,1,'2018-10-02','09:00:00','11:00:00',3,'a:4:{i:1;s:2:\"on\";i:2;s:2:\"on\";i:3;s:2:\"on\";i:4;s:2:\"on\";}',28,NULL),(303,1,'2018-10-02','16:00:00','18:00:00',3,'a:4:{i:1;s:2:\"on\";i:2;s:2:\"on\";i:3;s:2:\"on\";i:4;s:2:\"on\";}',28,NULL),(304,1,'2018-10-03','09:00:00','11:00:00',3,'a:4:{i:1;s:2:\"on\";i:2;s:2:\"on\";i:3;s:2:\"on\";i:4;s:2:\"on\";}',28,NULL),(305,1,'2018-10-03','16:00:00','18:00:00',3,'a:4:{i:1;s:2:\"on\";i:2;s:2:\"on\";i:3;s:2:\"on\";i:4;s:2:\"on\";}',28,NULL),(306,1,'2018-10-04','09:00:00','11:00:00',3,'a:4:{i:1;s:2:\"on\";i:2;s:2:\"on\";i:3;s:2:\"on\";i:4;s:2:\"on\";}',28,NULL),(307,1,'2018-10-04','16:00:00','18:00:00',3,'a:4:{i:1;s:2:\"on\";i:2;s:2:\"on\";i:3;s:2:\"on\";i:4;s:2:\"on\";}',28,NULL),(308,1,'2018-10-05','09:00:00','11:00:00',3,'a:4:{i:1;s:2:\"on\";i:2;s:2:\"on\";i:3;s:2:\"on\";i:4;s:2:\"on\";}',28,NULL),(309,1,'2018-10-05','16:00:00','18:00:00',3,'a:4:{i:1;s:2:\"on\";i:2;s:2:\"on\";i:3;s:2:\"on\";i:4;s:2:\"on\";}',28,NULL),(310,1,'2018-10-06','09:00:00','11:00:00',3,'a:4:{i:1;s:2:\"on\";i:2;s:2:\"on\";i:3;s:2:\"on\";i:4;s:2:\"on\";}',28,NULL),(311,1,'2018-10-06','16:00:00','18:00:00',3,'a:4:{i:1;s:2:\"on\";i:2;s:2:\"on\";i:3;s:2:\"on\";i:4;s:2:\"on\";}',28,NULL),(312,1,'2018-10-07','09:00:00','11:00:00',3,'a:4:{i:1;s:2:\"on\";i:2;s:2:\"on\";i:3;s:2:\"on\";i:4;s:2:\"on\";}',28,NULL),(313,1,'2018-10-07','16:00:00','18:00:00',3,'a:4:{i:1;s:2:\"on\";i:2;s:2:\"on\";i:3;s:2:\"on\";i:4;s:2:\"on\";}',28,NULL),(314,1,'2018-10-08','09:00:00','11:00:00',3,'a:4:{i:1;s:2:\"on\";i:2;s:2:\"on\";i:3;s:2:\"on\";i:4;s:2:\"on\";}',28,NULL),(315,1,'2018-10-08','16:00:00','18:00:00',3,'a:4:{i:1;s:2:\"on\";i:2;s:2:\"on\";i:3;s:2:\"on\";i:4;s:2:\"on\";}',28,NULL),(316,1,'2018-10-09','09:00:00','11:00:00',3,'a:4:{i:1;s:2:\"on\";i:2;s:2:\"on\";i:3;s:2:\"on\";i:4;s:2:\"on\";}',28,NULL),(317,1,'2018-10-09','16:00:00','18:00:00',3,'a:4:{i:1;s:2:\"on\";i:2;s:2:\"on\";i:3;s:2:\"on\";i:4;s:2:\"on\";}',28,NULL),(318,11,'2018-09-26','16:00:00','18:00:00',0,NULL,27,NULL),(319,11,'2018-09-27','09:00:00','09:30:00',0,NULL,27,NULL),(320,11,'2018-09-28','16:00:00','18:00:00',0,NULL,27,NULL),(321,16,'2018-09-26','20:30:00','21:30:00',0,NULL,22,NULL),(322,16,'2018-09-27','20:30:00','21:30:00',0,NULL,22,NULL),(323,6,'2018-09-26','20:30:00','21:30:00',0,NULL,27,'2018-09-26'),(324,6,'2018-09-28','16:30:00','17:30:00',0,NULL,24,NULL),(325,6,'2018-09-30','16:30:00','17:30:00',0,NULL,24,NULL),(326,6,'2018-09-28','16:30:00','17:30:00',0,NULL,24,NULL),(327,6,'2018-10-02','16:30:00','17:30:00',0,NULL,24,NULL),(328,6,'2018-10-04','16:30:00','17:30:00',0,NULL,24,NULL),(329,4,'2018-09-28','09:45:00','10:45:00',0,NULL,24,NULL),(330,4,'2018-09-29','09:45:00','10:45:00',0,NULL,24,NULL),(331,5,'2018-09-28','09:45:00','09:45:00',0,NULL,24,NULL),(332,5,'2018-09-29','09:45:00','09:45:00',0,NULL,24,NULL),(333,5,'2018-09-30','09:45:00','09:45:00',0,NULL,24,NULL),(334,5,'2018-10-01','09:45:00','09:45:00',0,NULL,24,NULL),(335,5,'2018-10-02','09:45:00','09:45:00',0,NULL,24,NULL),(336,5,'2018-10-03','09:45:00','09:45:00',0,NULL,24,NULL),(337,5,'2018-10-04','09:45:00','09:45:00',0,NULL,24,NULL),(338,4,'2018-09-30','09:45:00','10:45:00',0,NULL,24,NULL),(339,4,'2018-10-01','09:45:00','10:45:00',0,NULL,24,NULL),(340,4,'2018-10-02','09:45:00','10:45:00',0,NULL,24,NULL),(341,4,'2018-10-03','09:45:00','10:45:00',0,NULL,24,NULL),(342,4,'2018-10-04','09:45:00','10:45:00',0,NULL,24,NULL),(343,1,'2018-09-30','09:00:00','11:00:00',3,'a:4:{i:1;s:2:\"on\";i:2;s:2:\"on\";i:3;s:2:\"on\";i:4;s:2:\"on\";}',29,NULL),(344,1,'2018-09-30','16:00:00','18:00:00',3,'a:4:{i:1;s:2:\"on\";i:2;s:2:\"on\";i:3;s:2:\"on\";i:4;s:2:\"on\";}',29,NULL),(345,1,'2018-10-01','09:00:00','11:00:00',3,'a:4:{i:1;s:2:\"on\";i:2;s:2:\"on\";i:3;s:2:\"on\";i:4;s:2:\"on\";}',29,NULL),(346,1,'2018-10-01','16:00:00','18:00:00',3,'a:4:{i:1;s:2:\"on\";i:2;s:2:\"on\";i:3;s:2:\"on\";i:4;s:2:\"on\";}',29,NULL),(347,1,'2018-10-02','09:00:00','11:00:00',3,'a:4:{i:1;s:2:\"on\";i:2;s:2:\"on\";i:3;s:2:\"on\";i:4;s:2:\"on\";}',29,NULL),(348,1,'2018-10-02','16:00:00','18:00:00',3,'a:4:{i:1;s:2:\"on\";i:2;s:2:\"on\";i:3;s:2:\"on\";i:4;s:2:\"on\";}',29,NULL),(349,1,'2018-10-03','09:00:00','11:00:00',3,'a:4:{i:1;s:2:\"on\";i:2;s:2:\"on\";i:3;s:2:\"on\";i:4;s:2:\"on\";}',29,NULL),(350,1,'2018-10-03','16:00:00','18:00:00',3,'a:4:{i:1;s:2:\"on\";i:2;s:2:\"on\";i:3;s:2:\"on\";i:4;s:2:\"on\";}',29,NULL),(351,1,'2018-10-04','09:00:00','11:00:00',3,'a:4:{i:1;s:2:\"on\";i:2;s:2:\"on\";i:3;s:2:\"on\";i:4;s:2:\"on\";}',29,NULL),(352,1,'2018-10-04','16:00:00','18:00:00',3,'a:4:{i:1;s:2:\"on\";i:2;s:2:\"on\";i:3;s:2:\"on\";i:4;s:2:\"on\";}',29,NULL),(353,1,'2018-10-05','09:00:00','11:00:00',3,'a:4:{i:1;s:2:\"on\";i:2;s:2:\"on\";i:3;s:2:\"on\";i:4;s:2:\"on\";}',29,NULL),(354,1,'2018-10-05','16:00:00','18:00:00',3,'a:4:{i:1;s:2:\"on\";i:2;s:2:\"on\";i:3;s:2:\"on\";i:4;s:2:\"on\";}',29,NULL),(355,1,'2018-10-06','09:00:00','11:00:00',3,'a:4:{i:1;s:2:\"on\";i:2;s:2:\"on\";i:3;s:2:\"on\";i:4;s:2:\"on\";}',29,NULL),(356,1,'2018-10-06','16:00:00','18:00:00',3,'a:4:{i:1;s:2:\"on\";i:2;s:2:\"on\";i:3;s:2:\"on\";i:4;s:2:\"on\";}',29,NULL),(357,1,'2018-10-07','09:00:00','11:00:00',3,'a:4:{i:1;s:2:\"on\";i:2;s:2:\"on\";i:3;s:2:\"on\";i:4;s:2:\"on\";}',29,NULL),(358,1,'2018-10-07','16:00:00','18:00:00',3,'a:4:{i:1;s:2:\"on\";i:2;s:2:\"on\";i:3;s:2:\"on\";i:4;s:2:\"on\";}',29,NULL),(359,1,'2018-10-08','09:00:00','11:00:00',3,'a:4:{i:1;s:2:\"on\";i:2;s:2:\"on\";i:3;s:2:\"on\";i:4;s:2:\"on\";}',29,NULL),(360,1,'2018-10-08','16:00:00','18:00:00',3,'a:4:{i:1;s:2:\"on\";i:2;s:2:\"on\";i:3;s:2:\"on\";i:4;s:2:\"on\";}',29,NULL),(361,1,'2018-10-09','09:00:00','11:00:00',3,'a:3:{i:1;s:2:\"on\";i:2;s:2:\"on\";i:3;s:2:\"on\";}',29,NULL),(362,1,'2018-10-09','16:00:00','18:00:00',3,'a:4:{i:1;s:2:\"on\";i:2;s:2:\"on\";i:3;s:2:\"on\";i:4;s:2:\"on\";}',29,NULL);
/*!40000 ALTER TABLE `schedule` ENABLE KEYS */;
UNLOCK TABLES;

--
-- Table structure for table `user`
--

DROP TABLE IF EXISTS `user`;
/*!40101 SET @saved_cs_client     = @@character_set_client */;
/*!40101 SET character_set_client = utf8 */;
CREATE TABLE `user` (
  `id` int(11) NOT NULL AUTO_INCREMENT,
  `username` varchar(255) COLLATE utf8_unicode_ci NOT NULL,
  `password` varchar(255) COLLATE utf8_unicode_ci NOT NULL,
  `is_active` tinyint(1) NOT NULL,
  `email` varchar(255) COLLATE utf8_unicode_ci NOT NULL,
  `first_name` varchar(255) COLLATE utf8_unicode_ci NOT NULL,
  `last_name` varchar(255) COLLATE utf8_unicode_ci NOT NULL,
  `roles` longtext COLLATE utf8_unicode_ci NOT NULL COMMENT '(DC2Type:array)',
  `created_at` datetime NOT NULL,
  `updated_at` datetime NOT NULL,
  `position` varchar(255) COLLATE utf8_unicode_ci NOT NULL,
  PRIMARY KEY (`id`),
  UNIQUE KEY `UNIQ_8D93D649F85E0677` (`username`)
) ENGINE=InnoDB AUTO_INCREMENT=3 DEFAULT CHARSET=utf8 COLLATE=utf8_unicode_ci;
/*!40101 SET character_set_client = @saved_cs_client */;

--
-- Dumping data for table `user`
--

LOCK TABLES `user` WRITE;
/*!40000 ALTER TABLE `user` DISABLE KEYS */;
INSERT INTO `user` VALUES (1,'admin','$2y$13$Iq6zhy4FAYxBl3w3MJSQe.RFnnU24SXDUZ42M.2unNUhgESKTbdMC',1,'admin@admin.com','admin','admin','a:1:{i:0;s:10:\"ROLE_ADMIN\";}','2018-07-23 21:40:27','2018-07-23 21:40:29',''),(2,'manager1','$2y$13$5LLaJeHeKDUrIdBmeFjSQ.PcibLo7EUSj/XpnMGAHCKcZJXu1KcQm',1,'Manager1@abv.bg','Manager1','Manager1','a:1:{i:0;s:12:\"ROLE_MANAGER\";}','2018-08-28 11:29:25','2018-08-28 11:29:25','ROLE_MANAGER');
/*!40000 ALTER TABLE `user` ENABLE KEYS */;
UNLOCK TABLES;
/*!40103 SET TIME_ZONE=@OLD_TIME_ZONE */;

/*!40101 SET SQL_MODE=@OLD_SQL_MODE */;
/*!40014 SET FOREIGN_KEY_CHECKS=@OLD_FOREIGN_KEY_CHECKS */;
/*!40014 SET UNIQUE_CHECKS=@OLD_UNIQUE_CHECKS */;
/*!40101 SET CHARACTER_SET_CLIENT=@OLD_CHARACTER_SET_CLIENT */;
/*!40101 SET CHARACTER_SET_RESULTS=@OLD_CHARACTER_SET_RESULTS */;
/*!40101 SET COLLATION_CONNECTION=@OLD_COLLATION_CONNECTION */;
/*!40111 SET SQL_NOTES=@OLD_SQL_NOTES */;

-- Dump completed on 2018-09-30 17:36:19
