-- phpMyAdmin SQL Dump
-- version 4.7.7
-- https://www.phpmyadmin.net/
--
-- Host: localhost:3306
-- Generation Time: Nov 09, 2018 at 10:21 PM
-- Server version: 5.7.23-23-log
-- PHP Version: 5.6.30

SET SQL_MODE = "NO_AUTO_VALUE_ON_ZERO";
SET AUTOCOMMIT = 0;
START TRANSACTION;
SET time_zone = "+00:00";


/*!40101 SET @OLD_CHARACTER_SET_CLIENT=@@CHARACTER_SET_CLIENT */;
/*!40101 SET @OLD_CHARACTER_SET_RESULTS=@@CHARACTER_SET_RESULTS */;
/*!40101 SET @OLD_COLLATION_CONNECTION=@@COLLATION_CONNECTION */;
/*!40101 SET NAMES utf8mb4 */;

--
-- Database: `nikolay_aqualife`
--

-- --------------------------------------------------------

--
-- Table structure for table `account`
--

CREATE TABLE `account` (
  `id` int(11) NOT NULL,
  `name` varchar(255) COLLATE utf8_unicode_ci NOT NULL,
  `manager` varchar(255) COLLATE utf8_unicode_ci DEFAULT NULL,
  `sport` int(11) NOT NULL,
  `country` varchar(255) COLLATE utf8_unicode_ci DEFAULT NULL,
  `deleted_at` datetime DEFAULT NULL
) ENGINE=InnoDB DEFAULT CHARSET=utf8 COLLATE=utf8_unicode_ci;

--
-- Dumping data for table `account`
--

INSERT INTO `account` (`id`, `name`, `manager`, `sport`, `country`, `deleted_at`) VALUES
(22, 'BSC ROMANIA', NULL, 0, 'RO', NULL),
(23, 'BSC', NULL, 0, 'RO', NULL),
(24, 'POLONYA', NULL, 0, 'PL', NULL),
(25, 'EKRAN', NULL, 0, 'RU', NULL),
(26, 'BSC', NULL, 0, 'RO', NULL),
(27, 'BSC', NULL, 0, 'RO', NULL),
(28, 'LAHTI', NULL, 0, 'FI', NULL),
(29, 'LAHTI SWIMMING CLUB', NULL, 0, 'FI', NULL),
(30, 'ATLETA', NULL, 0, 'RU', NULL),
(31, 'ATLETA', NULL, 0, 'RU', NULL),
(32, 'IGOR', NULL, 0, 'AF', NULL),
(33, 'Sigma Swim', NULL, 0, 'DK', NULL),
(34, 'Mikk', NULL, 0, 'EE', NULL),
(35, 'HOVEDSTADEN SVOMMEKLUB', NULL, 0, 'DK', NULL),
(36, 'Sigma Swim', NULL, 0, 'DK', NULL),
(37, 'Sigma Swim', NULL, 0, 'DK', NULL),
(38, 'Mikk', NULL, 0, 'EE', NULL),
(39, 'Saarland', NULL, 0, 'DE', NULL),
(40, 'Ekran', NULL, 0, 'RU', NULL),
(41, 'HOVEDSTADENS SVOMMEKLUB 1', NULL, 0, 'DK', NULL),
(42, 'Ekran 1', NULL, 0, 'RU', NULL),
(43, 'Jari', NULL, 0, 'FI', NULL),
(44, 'Profiturs', NULL, 0, 'DE', NULL),
(45, 'МГФСО', NULL, 20, 'RU', NULL),
(46, 'Кириши', NULL, 20, 'RU', NULL),
(47, 'Таурас', NULL, 0, 'RU', NULL),
(48, 'Лицей', NULL, 0, 'RU', NULL),
(49, 'test', 'test', 0, 'AF', NULL),
(50, 'test 2', 'test 2', 0, 'AF', NULL),
(51, 'IDC', NULL, 20, 'RU', NULL),
(52, 'desi', NULL, 0, 'DZ', NULL),
(53, 'Лицей', NULL, 0, 'RU', NULL),
(54, 'Лагуна', NULL, 0, 'RU', NULL),
(55, 'CNSW', NULL, 0, 'BE', NULL),
(56, 'DFK DELFINI VARNA', NULL, 14, 'BG', NULL),
(57, 'CROSSFIT', NULL, 20, 'BG', NULL),
(58, 'Василенок Экран', NULL, 0, 'RU', NULL),
(59, 'Комарова', NULL, 10, 'RU', NULL),
(60, 'МГФСО', NULL, 6, 'RU', NULL),
(61, 'CS Aquasport Timisioara', NULL, 0, 'RO', NULL);

-- --------------------------------------------------------

--
-- Table structure for table `facility`
--

CREATE TABLE `facility` (
  `id` int(11) NOT NULL,
  `name` varchar(255) COLLATE utf8_unicode_ci NOT NULL,
  `type` int(11) NOT NULL
) ENGINE=InnoDB DEFAULT CHARSET=utf8 COLLATE=utf8_unicode_ci;

--
-- Dumping data for table `facility`
--

INSERT INTO `facility` (`id`, `name`, `type`) VALUES
(1, 'Aqualife Swimming Pool', 0),
(2, 'Small Football Field', 2),
(3, 'Active Swimming Pool', 0),
(4, 'Multifunctional sports hall', 1),
(5, 'Martial sports hall', 1),
(6, 'Fitness', 1),
(7, 'Cardio hall \"Activе\"', 1),
(8, 'Dance hall \"Active 1\"', 1),
(9, 'Dance hall \"Active 2\"', 1),
(10, 'Dance hall \"Active 3\"', 1),
(11, 'Dance hall \"Sport\"', 1),
(12, 'Hall \"Aqualife\"', 1),
(13, 'Basketball court', 3),
(14, 'Volleyball court', 3),
(15, 'Conference hall', 1),
(16, 'Main stage', 4),
(17, 'Stage \"Active\"', 4),
(18, 'Large Football Field', 2);

-- --------------------------------------------------------

--
-- Table structure for table `meal_schedule`
--

CREATE TABLE `meal_schedule` (
  `id` int(11) NOT NULL,
  `date` date NOT NULL,
  `account_id` int(11) DEFAULT NULL,
  `restaurant` int(11) NOT NULL,
  `breakfast_time` time DEFAULT NULL,
  `middle_breakfast_time` time DEFAULT NULL,
  `lunch_time` time DEFAULT NULL,
  `dinner_time` time DEFAULT NULL,
  `deleted` date DEFAULT NULL
) ENGINE=InnoDB DEFAULT CHARSET=utf8mb4 COLLATE=utf8mb4_unicode_ci;

--
-- Dumping data for table `meal_schedule`
--

INSERT INTO `meal_schedule` (`id`, `date`, `account_id`, `restaurant`, `breakfast_time`, `middle_breakfast_time`, `lunch_time`, `dinner_time`, `deleted`) VALUES
(51, '2018-09-23', 22, 0, '09:20:00', NULL, '13:00:00', '19:00:00', NULL),
(52, '2018-09-24', 22, 0, '09:20:00', NULL, '13:00:00', '19:00:00', NULL),
(53, '2018-09-25', 22, 0, '09:20:00', NULL, '13:00:00', '19:00:00', NULL),
(54, '2018-09-23', 22, 0, '09:20:00', NULL, '13:00:00', '19:00:00', NULL),
(55, '2018-09-26', 22, 0, '09:20:00', NULL, '13:00:00', '19:00:00', NULL),
(56, '2018-09-27', 22, 0, '09:20:00', NULL, '13:00:00', '19:00:00', NULL),
(57, '2018-09-28', 22, 0, '09:20:00', NULL, '13:00:00', '19:00:00', NULL),
(58, '2018-09-29', 22, 0, '09:20:00', NULL, '13:00:00', '19:00:00', NULL),
(59, '2018-09-23', 22, 0, '09:20:00', NULL, '13:00:00', '19:00:00', NULL),
(60, '2018-09-30', 22, 0, '09:20:00', NULL, '13:00:00', '19:00:00', NULL),
(61, '2018-09-23', 23, 0, '09:20:00', NULL, '13:00:00', '19:00:00', NULL),
(62, '2018-09-24', 23, 0, '09:20:00', NULL, '13:00:00', '19:00:00', NULL),
(63, '2018-09-25', 23, 0, '09:20:00', NULL, '13:00:00', '19:00:00', NULL),
(64, '2018-09-26', 23, 0, '09:20:00', NULL, '13:00:00', '19:00:00', NULL),
(65, '2018-09-27', 23, 0, '09:20:00', NULL, '13:00:00', '19:00:00', NULL),
(66, '2018-09-28', 23, 0, '09:20:00', NULL, '13:00:00', '19:00:00', NULL),
(67, '2018-09-29', 23, 0, '09:20:00', NULL, '13:00:00', '19:00:00', NULL),
(68, '2018-09-30', 23, 0, '09:20:00', NULL, '13:00:00', '19:00:00', NULL),
(69, '2018-09-24', 24, 0, '09:00:00', NULL, '13:20:00', '20:20:00', NULL),
(70, '2018-09-25', 24, 0, '09:00:00', NULL, '13:20:00', '20:20:00', NULL),
(71, '2018-09-26', 24, 0, '09:00:00', NULL, '13:20:00', '20:20:00', NULL),
(72, '2018-09-27', 24, 0, '09:00:00', NULL, '13:20:00', '20:20:00', NULL),
(73, '2018-09-28', 24, 0, '09:00:00', NULL, '13:20:00', '20:20:00', NULL),
(74, '2018-09-29', 24, 0, '09:00:00', NULL, '13:20:00', '20:20:00', NULL),
(75, '2018-09-30', 24, 0, '09:00:00', NULL, '13:20:00', '20:20:00', NULL),
(76, '2018-10-01', 24, 0, '09:00:00', NULL, '13:20:00', '20:20:00', NULL),
(77, '2018-10-02', 24, 0, '09:00:00', NULL, '13:20:00', '20:20:00', NULL),
(78, '2018-10-03', 24, 0, '09:00:00', NULL, '13:20:00', '20:20:00', NULL),
(79, '2018-10-04', 24, 0, '09:00:00', NULL, '13:20:00', '20:20:00', NULL),
(80, '2018-10-05', 24, 0, '09:00:00', NULL, '13:20:00', '20:20:00', NULL),
(81, '2018-09-18', 25, 0, '07:30:00', NULL, '13:00:00', '19:00:00', NULL),
(82, '2018-09-19', 25, 0, '07:30:00', NULL, '13:00:00', '19:00:00', NULL),
(83, '2018-09-20', 25, 0, '07:30:00', NULL, '13:00:00', '19:00:00', NULL),
(84, '2018-09-21', 25, 0, '07:30:00', NULL, '13:00:00', '19:00:00', NULL),
(85, '2018-09-22', 25, 0, '07:30:00', NULL, '13:00:00', '19:00:00', NULL),
(86, '2018-09-23', 25, 0, '07:30:00', NULL, '12:30:00', '19:00:00', NULL),
(87, '2018-09-24', 25, 0, '07:30:00', NULL, '12:30:00', '19:00:00', NULL),
(88, '2018-09-25', 25, 0, '07:30:00', NULL, '12:30:00', '19:00:00', NULL),
(89, '2018-09-26', 25, 0, '07:30:00', NULL, '12:30:00', '19:00:00', NULL),
(90, '2018-09-27', 25, 0, '07:30:00', NULL, '12:30:00', '19:00:00', NULL),
(91, '2018-09-28', 25, 0, '07:30:00', NULL, '12:30:00', '19:00:00', NULL),
(92, '2018-09-29', 25, 0, '07:30:00', NULL, '12:30:00', '19:00:00', NULL),
(93, '2018-09-23', 26, 0, '09:20:00', NULL, '13:00:00', '20:20:00', NULL),
(94, '2018-09-24', 26, 0, '09:20:00', NULL, '13:00:00', '20:20:00', NULL),
(95, '2018-09-25', 26, 0, '09:20:00', NULL, '13:00:00', '20:20:00', NULL),
(96, '2018-09-26', 26, 0, '09:20:00', NULL, '13:00:00', '20:20:00', NULL),
(97, '2018-09-27', 26, 0, '09:20:00', NULL, '13:00:00', '20:20:00', NULL),
(98, '2018-09-28', 26, 0, '09:20:00', NULL, '13:00:00', '20:20:00', NULL),
(99, '2018-09-29', 26, 0, '09:20:00', NULL, '13:00:00', '20:20:00', NULL),
(100, '2018-09-30', 26, 0, '09:20:00', NULL, '13:00:00', '20:20:00', NULL),
(101, '2018-09-23', 27, 0, NULL, NULL, '12:45:00', '18:30:00', NULL),
(102, '2018-09-23', 27, 0, '09:20:00', NULL, '12:45:00', '18:30:00', NULL),
(103, '2018-09-24', 27, 0, '09:20:00', NULL, '12:45:00', '18:30:00', NULL),
(104, '2018-09-25', 27, 0, '09:20:00', NULL, '12:45:00', '18:30:00', NULL),
(105, '2018-09-26', 27, 0, '09:20:00', NULL, '12:45:00', '18:30:00', NULL),
(106, '2018-09-27', 27, 0, '09:20:00', NULL, '12:45:00', '18:30:00', NULL),
(107, '2018-09-28', 27, 0, '09:20:00', NULL, '12:45:00', '18:30:00', NULL),
(108, '2018-09-29', 27, 0, '09:20:00', NULL, '12:45:00', '18:30:00', NULL),
(109, '2018-09-30', 27, 0, '09:20:00', NULL, '12:45:00', '18:30:00', NULL),
(110, '2018-09-29', 28, 0, NULL, NULL, NULL, '18:30:00', NULL),
(111, '2018-09-29', 28, 0, '08:30:00', NULL, '12:30:00', '18:30:00', NULL),
(112, '2018-09-30', 28, 0, '08:30:00', NULL, '12:30:00', '18:30:00', NULL),
(113, '2018-10-01', 28, 0, '08:30:00', NULL, '12:30:00', '18:30:00', NULL),
(114, '2018-10-02', 28, 0, '08:30:00', NULL, '12:30:00', '18:30:00', NULL),
(115, '2018-10-03', 28, 0, '08:30:00', NULL, '12:30:00', '18:30:00', NULL),
(116, '2018-10-04', 28, 0, '08:30:00', NULL, '12:30:00', '18:30:00', NULL),
(117, '2018-10-05', 28, 0, '08:30:00', NULL, '12:30:00', '18:30:00', NULL),
(118, '2018-10-06', 28, 0, '08:30:00', NULL, '12:30:00', '18:30:00', NULL),
(119, '2018-10-07', 28, 0, '08:30:00', NULL, '12:30:00', '18:30:00', NULL),
(120, '2018-10-08', 28, 0, '08:30:00', NULL, '12:30:00', '18:30:00', NULL),
(121, '2018-10-09', 28, 0, '08:30:00', NULL, '12:30:00', '18:30:00', NULL),
(122, '2018-09-30', 29, 0, NULL, NULL, NULL, NULL, NULL),
(123, '2018-09-30', 24, 0, NULL, NULL, '11:45:00', NULL, NULL),
(124, '2018-10-10', 52, 0, NULL, NULL, NULL, NULL, NULL),
(125, '2018-10-10', 35, 0, '07:20:00', NULL, '13:15:00', '19:00:00', NULL),
(126, '2018-10-08', 35, 0, '07:20:00', NULL, '12:15:00', '19:00:00', NULL),
(127, '2018-10-09', 35, 0, '07:20:00', NULL, '12:15:00', '19:00:00', NULL),
(128, '2018-10-10', 35, 0, '07:20:00', NULL, '12:15:00', '19:00:00', '2018-10-10'),
(129, '2018-10-11', 35, 0, '07:20:00', NULL, '12:15:00', '19:00:00', NULL),
(130, '2018-10-12', 35, 0, '07:20:00', NULL, '12:15:00', '19:00:00', NULL),
(131, '2018-10-13', 35, 0, '07:20:00', NULL, '12:15:00', '19:00:00', NULL),
(132, '2018-10-14', 35, 0, '07:20:00', NULL, '13:15:00', '19:00:00', NULL),
(133, '2018-10-15', 35, 0, '07:20:00', NULL, '12:15:00', '19:00:00', NULL),
(134, '2018-10-16', 35, 0, '07:20:00', NULL, '12:15:00', '19:00:00', NULL),
(135, '2018-10-17', 35, 0, '07:20:00', NULL, '12:15:00', '19:00:00', NULL),
(136, '2018-10-18', 35, 0, '07:20:00', NULL, '13:15:00', '19:00:00', NULL),
(137, '2018-10-19', 35, 0, '07:20:00', NULL, '12:15:00', '19:00:00', NULL),
(138, '2018-10-20', 35, 0, '07:20:00', NULL, '12:15:00', '19:00:00', NULL),
(139, '2018-10-21', 35, 0, '07:20:00', NULL, '12:15:00', '19:00:00', NULL),
(140, '2018-10-22', 35, 0, '07:20:00', NULL, '12:15:00', '19:00:00', NULL);

-- --------------------------------------------------------

--
-- Table structure for table `migration_versions`
--

CREATE TABLE `migration_versions` (
  `version` varchar(255) COLLATE utf8_unicode_ci NOT NULL
) ENGINE=InnoDB DEFAULT CHARSET=utf8 COLLATE=utf8_unicode_ci;

--
-- Dumping data for table `migration_versions`
--

INSERT INTO `migration_versions` (`version`) VALUES
('20180723115422'),
('20180730220915'),
('20180802180935'),
('20180802183125'),
('20180802201623'),
('20180802213300'),
('20180802214110'),
('20180802220900'),
('20180803180352'),
('20180803182021'),
('20180803184959'),
('20180803185225'),
('20180806113517'),
('20180806121921'),
('20180806121999'),
('20180812184012'),
('20180813213346'),
('20180819132307'),
('20180820062724'),
('20180820070236'),
('20180821182033'),
('20180822180126'),
('20180911183306'),
('20180911193515'),
('20180930173506'),
('20181030111539'),
('20181101000913'),
('20181103004905'),
('20181104221417');

-- --------------------------------------------------------

--
-- Table structure for table `query`
--

CREATE TABLE `query` (
  `id` int(11) NOT NULL,
  `date_of_arrival` datetime DEFAULT NULL,
  `date_of_departure` datetime DEFAULT NULL,
  `created_at` datetime NOT NULL,
  `updated_at` datetime NOT NULL,
  `hotel` int(11) NOT NULL,
  `created_by_id` int(11) DEFAULT NULL,
  `account_id` int(11) DEFAULT NULL,
  `status` int(11) NOT NULL DEFAULT '0',
  `payed` int(11) NOT NULL,
  `deleted_at` datetime DEFAULT NULL,
  `number_of_people` int(11) DEFAULT NULL
) ENGINE=InnoDB DEFAULT CHARSET=utf8 COLLATE=utf8_unicode_ci;

--
-- Dumping data for table `query`
--

INSERT INTO `query` (`id`, `date_of_arrival`, `date_of_departure`, `created_at`, `updated_at`, `hotel`, `created_by_id`, `account_id`, `status`, `payed`, `deleted_at`, `number_of_people`) VALUES
(20, '2018-09-23 10:00:00', '2018-09-30 10:00:00', '2018-09-17 07:21:31', '2018-10-04 06:34:55', 0, 1, 22, 2, 0, '2018-10-04 06:34:55', NULL),
(21, '2018-09-23 10:00:00', '2018-09-30 10:00:00', '2018-09-17 07:34:02', '2018-10-04 06:34:40', 0, 1, 23, 2, 0, '2018-10-04 06:34:40', NULL),
(22, '2018-09-24 12:00:00', '2018-10-05 12:00:00', '2018-09-17 09:10:24', '2018-09-28 11:48:10', 0, 1, 24, 1, 1, NULL, NULL),
(23, '2018-09-18 12:00:00', '2018-09-29 12:00:00', '2018-09-17 09:57:05', '2018-09-20 09:00:19', 0, 1, 25, 1, 1, NULL, NULL),
(24, '2018-09-23 10:00:00', '2018-09-30 10:00:00', '2018-09-19 07:58:04', '2018-10-04 06:34:36', 0, 1, 26, 2, 0, '2018-10-04 06:34:36', NULL),
(25, '2018-09-23 10:00:00', '2018-09-30 10:00:00', '2018-09-20 07:21:43', '2018-09-26 17:29:34', 0, 1, 27, 1, 1, NULL, NULL),
(26, '2018-09-29 11:00:00', '2018-10-09 11:00:00', '2018-09-20 08:39:27', '2018-10-04 06:35:02', 0, 1, 28, 2, 1, '2018-10-04 06:35:02', NULL),
(27, '2018-09-29 11:00:00', '2018-10-09 11:00:00', '2018-09-28 08:49:38', '2018-09-28 08:53:13', 0, 1, 29, 1, 1, NULL, NULL),
(28, '2019-03-24 12:00:00', '2019-03-31 12:00:00', '2018-10-01 09:31:32', '2018-10-04 06:34:04', 0, 1, 30, 0, 0, '2018-10-04 06:34:04', NULL),
(29, '2019-03-24 12:00:00', '2019-03-31 12:00:00', '2018-10-01 09:31:32', '2018-10-02 11:32:56', 0, 1, 31, 1, 0, '2018-10-02 11:32:56', NULL),
(30, '2019-03-24 12:00:00', '2019-03-27 12:00:00', '2018-10-01 09:37:59', '2018-10-01 09:41:54', 0, 1, 32, 1, 0, '2018-10-01 09:41:54', NULL),
(31, '2019-04-11 00:00:00', '2019-04-18 00:00:00', '2018-10-02 11:05:03', '2018-10-02 11:34:11', 0, 1, 33, 0, 0, '2018-10-02 11:34:11', NULL),
(32, '2019-04-17 14:00:00', '2019-04-29 14:00:00', '2018-10-02 11:52:14', '2018-10-04 06:34:00', 0, 1, 34, 1, 1, '2018-10-04 06:34:00', NULL),
(33, '2018-10-08 09:00:00', '2018-10-22 09:00:00', '2018-10-04 06:47:39', '2018-10-10 08:31:12', 0, 1, 35, 1, 0, NULL, NULL),
(34, '2019-04-11 09:00:00', '2019-04-18 09:00:00', '2018-10-04 06:57:13', '2018-10-04 07:01:49', 0, 1, 36, 0, 0, '2018-10-04 07:01:49', NULL),
(35, '2019-04-11 09:00:00', '2019-04-18 09:00:00', '2018-10-04 06:57:13', '2018-10-04 06:59:58', 0, 1, 37, 1, 0, NULL, NULL),
(36, '2019-04-17 10:00:00', '2019-04-29 10:00:00', '2018-10-04 07:10:07', '2018-10-04 07:12:37', 0, 1, 38, 1, 0, NULL, NULL),
(37, '2019-04-14 10:00:00', '2019-04-25 10:00:00', '2018-10-04 07:19:35', '2018-10-04 11:28:15', 0, 1, 39, 1, 0, NULL, NULL),
(38, '2019-04-15 10:00:00', '2019-05-02 10:00:00', '2018-10-04 07:27:00', '2018-10-04 07:29:47', 0, 1, 40, 1, 0, NULL, NULL),
(39, '2018-10-10 10:00:00', '2018-10-20 10:00:00', '2018-10-04 07:29:30', '2018-10-04 07:32:00', 0, 1, 41, 1, 0, NULL, NULL),
(40, '2019-04-15 10:00:00', '2019-05-02 10:00:00', '2018-10-04 07:33:16', '2018-10-04 07:36:06', 0, 1, 42, 1, 0, NULL, NULL),
(41, '2019-04-20 10:00:00', '2019-04-29 10:00:00', '2018-10-04 07:39:21', '2018-10-25 12:14:52', 0, 1, 43, 1, 1, NULL, NULL),
(42, '2019-04-20 11:00:00', '2019-04-30 11:00:00', '2018-10-04 08:07:24', '2018-10-25 12:13:56', 0, 1, 44, 1, 1, NULL, NULL),
(43, '2019-05-31 00:00:00', '2019-06-20 00:00:00', '2018-10-04 12:30:09', '2018-11-08 08:34:33', 0, 1, 45, 1, 0, '2018-11-08 08:34:33', NULL),
(44, '2019-05-31 00:00:00', '2019-06-20 00:00:00', '2018-10-04 12:42:11', '2018-10-31 23:58:55', 0, 1, 46, 1, 0, NULL, NULL),
(45, '2019-06-21 16:00:00', '2019-07-11 16:00:00', '2018-10-04 13:06:12', '2018-10-04 13:09:28', 0, 1, 47, 1, 0, NULL, NULL),
(46, '2019-06-21 09:00:00', '2019-06-21 09:00:00', '2018-10-05 06:48:10', '2018-10-05 06:49:32', 0, 1, 48, 0, 0, '2018-10-05 06:49:32', NULL),
(47, '2018-10-07 22:00:00', '2018-10-13 22:00:00', '2018-10-06 19:44:24', '2018-10-06 19:44:45', 0, 1, 49, 0, 0, '2018-10-06 19:44:45', NULL),
(48, '2018-10-07 22:00:00', '2018-10-13 22:00:00', '2018-10-06 19:57:28', '2018-10-08 06:51:50', 0, 1, 50, 0, 0, '2018-10-08 06:51:50', NULL),
(49, '2019-07-12 09:00:00', '2019-08-08 09:00:00', '2018-10-08 06:49:40', '2018-10-31 23:59:15', 0, 1, 51, 1, 0, NULL, NULL),
(50, '2018-10-10 14:00:00', '2018-10-17 14:00:00', '2018-10-08 11:59:16', '2018-10-19 10:37:01', 0, 1, 52, 0, 0, '2018-10-19 10:37:01', NULL),
(51, '2019-06-21 13:00:00', '2019-07-11 13:00:00', '2018-10-19 10:41:05', '2018-10-31 12:10:34', 0, 1, 53, 1, 0, '2018-10-31 12:10:34', NULL),
(52, '2019-07-12 13:00:00', '2019-08-02 13:00:00', '2018-10-19 10:50:43', '2018-10-31 12:10:29', 0, 1, 54, 1, 0, '2018-10-31 12:10:29', NULL),
(53, '2019-06-30 13:00:00', '2019-07-15 13:00:00', '2018-10-19 10:57:01', '2018-11-07 07:15:18', 0, 1, 55, 1, 0, '2018-11-07 07:15:18', NULL),
(54, '2019-02-01 13:00:00', '2019-02-05 13:00:00', '2018-11-04 11:11:52', '2018-11-09 12:19:05', 0, 4, 56, 1, 0, NULL, NULL),
(55, '2019-02-27 13:00:00', '2019-03-04 13:00:00', '2018-11-04 11:20:44', '2018-11-05 13:00:43', 0, 4, 57, 1, 0, NULL, NULL),
(56, '2019-07-12 09:00:00', '2019-08-02 09:00:00', '2018-11-07 07:03:51', '2018-11-07 07:04:32', 0, 1, 58, 1, 0, NULL, 18),
(57, '2019-07-12 09:00:00', '2019-08-02 09:00:00', '2018-11-07 07:11:26', '2018-11-07 07:11:49', 0, 1, 59, 1, 0, NULL, 60),
(58, '2019-05-31 10:00:00', '2019-06-21 10:00:00', '2018-11-08 08:42:35', '2018-11-08 08:42:35', 0, 1, 60, 0, 0, NULL, 66),
(59, '2019-08-26 14:00:00', '2019-09-03 14:00:00', '2018-11-09 12:18:38', '2018-11-09 12:18:38', 0, 4, 61, 0, 0, NULL, 20);

-- --------------------------------------------------------

--
-- Table structure for table `schedule`
--

CREATE TABLE `schedule` (
  `id` int(11) NOT NULL,
  `facility_id` int(11) DEFAULT NULL,
  `date` date NOT NULL,
  `time_from` time NOT NULL,
  `time_to` time NOT NULL,
  `parts` int(11) NOT NULL,
  `lanes` varchar(255) COLLATE utf8_unicode_ci DEFAULT NULL,
  `account_id` int(11) DEFAULT NULL,
  `deleted` date DEFAULT NULL
) ENGINE=InnoDB DEFAULT CHARSET=utf8 COLLATE=utf8_unicode_ci;

--
-- Dumping data for table `schedule`
--

INSERT INTO `schedule` (`id`, `facility_id`, `date`, `time_from`, `time_to`, `parts`, `lanes`, `account_id`, `deleted`) VALUES
(106, 1, '2018-09-23', '07:00:00', '09:00:00', 3, NULL, 22, '2018-09-17'),
(107, 1, '2018-09-23', '14:00:00', '16:00:00', 0, NULL, 22, '2018-09-17'),
(108, 1, '2018-09-23', '07:00:00', '09:00:00', 0, NULL, 22, '2018-09-17'),
(109, 1, '2018-09-23', '14:00:00', '16:00:00', 0, NULL, 22, '2018-09-17'),
(110, 1, '2018-09-24', '07:00:00', '09:00:00', 0, NULL, 22, '2018-09-17'),
(111, 1, '2018-09-24', '14:00:00', '16:00:00', 3, NULL, 22, '2018-09-17'),
(112, 1, '2018-09-25', '07:00:00', '09:00:00', 3, NULL, 22, '2018-09-17'),
(113, 1, '2018-09-25', '14:00:00', '16:00:00', 0, NULL, 22, '2018-09-17'),
(114, 1, '2018-09-26', '07:00:00', '09:00:00', 3, NULL, 22, '2018-09-17'),
(115, 1, '2018-09-26', '14:00:00', '16:00:00', 0, NULL, 22, '2018-09-17'),
(116, 1, '2018-09-27', '07:00:00', '09:00:00', 3, NULL, 22, '2018-09-17'),
(117, 1, '2018-09-27', '14:00:00', '16:00:00', 0, NULL, 22, '2018-09-17'),
(118, 1, '2018-09-28', '07:00:00', '09:00:00', 3, NULL, 22, '2018-09-17'),
(119, 1, '2018-09-28', '14:00:00', '16:00:00', 0, NULL, 22, '2018-09-17'),
(120, 1, '2018-09-29', '07:00:00', '09:00:00', 3, NULL, 22, '2018-09-17'),
(121, 1, '2018-09-29', '14:00:00', '16:00:00', 0, NULL, 22, '2018-09-17'),
(122, 1, '2018-09-30', '07:00:00', '09:00:00', 3, NULL, 22, '2018-09-17'),
(123, 1, '2018-09-30', '14:00:00', '16:00:00', 0, NULL, 22, '2018-09-17'),
(124, 1, '2018-10-01', '07:00:00', '09:00:00', 0, NULL, 22, '2018-09-17'),
(125, 1, '2018-10-01', '14:00:00', '16:00:00', 0, NULL, 22, '2018-09-17'),
(126, 1, '2018-10-02', '07:00:00', '09:00:00', 0, NULL, 22, '2018-09-17'),
(127, 1, '2018-10-02', '14:00:00', '16:00:00', 0, NULL, 22, '2018-09-17'),
(128, 1, '2018-10-03', '07:00:00', '09:00:00', 0, NULL, 22, '2018-09-17'),
(129, 1, '2018-10-03', '14:00:00', '16:00:00', 0, NULL, 22, '2018-09-17'),
(130, 1, '2018-10-04', '07:00:00', '09:00:00', 0, NULL, 22, '2018-09-17'),
(131, 1, '2018-10-04', '14:00:00', '16:00:00', 0, NULL, 22, '2018-09-17'),
(132, 1, '2018-10-05', '07:00:00', '09:00:00', 0, NULL, 22, '2018-09-17'),
(133, 1, '2018-10-05', '14:00:00', '16:00:00', 0, NULL, 22, '2018-09-17'),
(134, 1, '2018-10-06', '07:00:00', '09:00:00', 0, NULL, 22, '2018-09-17'),
(135, 1, '2018-10-06', '14:00:00', '16:00:00', 0, NULL, 22, '2018-09-17'),
(136, 1, '2018-10-07', '07:00:00', '09:00:00', 0, NULL, 22, '2018-09-17'),
(137, 1, '2018-10-07', '14:00:00', '16:00:00', 0, NULL, 22, '2018-09-17'),
(138, 1, '2018-10-08', '07:00:00', '09:00:00', 0, NULL, 22, '2018-09-17'),
(139, 1, '2018-10-08', '14:00:00', '16:00:00', 0, NULL, 22, '2018-09-17'),
(140, 1, '2018-10-09', '07:00:00', '09:00:00', 0, NULL, 22, '2018-09-17'),
(141, 1, '2018-10-09', '14:00:00', '16:00:00', 0, NULL, 22, '2018-09-17'),
(142, 1, '2018-10-10', '07:00:00', '09:00:00', 0, NULL, 22, '2018-09-17'),
(143, 1, '2018-10-10', '14:00:00', '16:00:00', 0, NULL, 22, '2018-09-17'),
(144, 1, '2018-10-11', '07:00:00', '09:00:00', 0, NULL, 22, '2018-09-17'),
(145, 1, '2018-10-11', '14:00:00', '16:00:00', 0, NULL, 22, '2018-09-17'),
(146, 1, '2018-10-12', '07:00:00', '09:00:00', 0, NULL, 22, '2018-09-17'),
(147, 1, '2018-10-12', '14:00:00', '16:00:00', 0, NULL, 22, '2018-09-17'),
(148, 1, '2018-10-13', '07:00:00', '09:00:00', 0, NULL, 22, '2018-09-17'),
(149, 1, '2018-10-13', '14:00:00', '16:00:00', 0, NULL, 22, '2018-09-17'),
(150, 1, '2018-10-14', '07:00:00', '09:00:00', 0, NULL, 22, '2018-09-17'),
(151, 1, '2018-10-14', '14:00:00', '16:00:00', 0, NULL, 22, '2018-09-17'),
(152, 1, '2018-10-15', '07:00:00', '09:00:00', 0, NULL, 22, '2018-09-17'),
(153, 1, '2018-10-15', '14:00:00', '16:00:00', 0, NULL, 22, '2018-09-17'),
(154, 1, '2018-10-16', '07:00:00', '09:00:00', 0, NULL, 22, '2018-09-17'),
(155, 1, '2018-10-16', '14:00:00', '16:00:00', 0, NULL, 22, '2018-09-17'),
(156, 1, '2018-10-17', '07:00:00', '09:00:00', 0, NULL, 22, '2018-09-17'),
(157, 1, '2018-10-17', '14:00:00', '16:00:00', 0, NULL, 22, '2018-09-17'),
(158, 1, '2018-10-18', '07:00:00', '09:00:00', 0, NULL, 22, '2018-09-17'),
(159, 1, '2018-10-18', '14:00:00', '16:00:00', 0, NULL, 22, '2018-09-17'),
(160, 1, '2018-10-19', '07:00:00', '09:00:00', 0, NULL, 22, '2018-09-17'),
(161, 1, '2018-10-19', '14:00:00', '16:00:00', 0, NULL, 22, '2018-09-17'),
(162, 1, '2018-10-20', '07:00:00', '09:00:00', 0, NULL, 22, '2018-09-17'),
(163, 1, '2018-10-20', '14:00:00', '16:00:00', 0, NULL, 22, '2018-09-17'),
(164, 1, '2018-10-21', '07:00:00', '09:00:00', 0, NULL, 22, '2018-09-17'),
(165, 1, '2018-10-21', '14:00:00', '16:00:00', 0, NULL, 22, '2018-09-17'),
(166, 1, '2018-10-22', '07:00:00', '09:00:00', 0, NULL, 22, '2018-09-17'),
(167, 1, '2018-10-22', '14:00:00', '16:00:00', 0, NULL, 22, '2018-09-17'),
(168, 1, '2018-10-23', '07:00:00', '09:00:00', 0, NULL, 22, '2018-09-17'),
(169, 1, '2018-10-23', '14:00:00', '16:00:00', 0, NULL, 22, '2018-09-17'),
(170, 1, '2018-10-24', '07:00:00', '09:00:00', 0, NULL, 22, '2018-09-17'),
(171, 1, '2018-10-24', '14:00:00', '16:00:00', 0, NULL, 22, '2018-09-17'),
(172, 1, '2018-10-25', '07:00:00', '09:00:00', 0, NULL, 22, '2018-09-17'),
(173, 1, '2018-10-25', '14:00:00', '16:00:00', 0, NULL, 22, '2018-09-17'),
(174, 1, '2018-10-26', '07:00:00', '09:00:00', 0, NULL, 22, '2018-09-17'),
(175, 1, '2018-10-26', '14:00:00', '16:00:00', 0, NULL, 22, '2018-09-17'),
(176, 1, '2018-10-27', '07:00:00', '09:00:00', 0, NULL, 22, '2018-09-17'),
(177, 1, '2018-10-27', '14:00:00', '16:00:00', 0, NULL, 22, '2018-09-17'),
(178, 1, '2018-10-28', '07:00:00', '09:00:00', 0, NULL, 22, '2018-09-17'),
(179, 1, '2018-10-28', '14:00:00', '16:00:00', 0, NULL, 22, '2018-09-17'),
(180, 1, '2018-10-29', '07:00:00', '09:00:00', 0, NULL, 22, '2018-09-17'),
(181, 1, '2018-10-29', '14:00:00', '16:00:00', 0, NULL, 22, '2018-09-17'),
(182, 1, '2018-10-30', '07:00:00', '09:00:00', 0, NULL, 22, '2018-09-17'),
(183, 1, '2018-10-30', '14:00:00', '16:00:00', 0, NULL, 22, '2018-09-17'),
(184, 1, '2018-09-23', '07:00:00', '09:00:00', 2, 'a:1:{i:4;s:2:\"on\";}', 23, NULL),
(185, 1, '2018-09-23', '14:00:00', '16:00:00', 3, 'a:1:{i:4;s:2:\"on\";}', 23, '2018-09-17'),
(186, 1, '2018-09-24', '07:00:00', '09:00:00', 2, 'a:1:{i:4;s:2:\"on\";}', 23, NULL),
(187, 1, '2018-09-24', '14:00:00', '16:00:00', 3, 'a:1:{i:4;s:2:\"on\";}', 23, '2018-09-17'),
(188, 1, '2018-09-25', '07:00:00', '09:00:00', 2, 'a:1:{i:4;s:2:\"on\";}', 23, NULL),
(189, 1, '2018-09-25', '14:00:00', '16:00:00', 3, 'a:1:{i:4;s:2:\"on\";}', 23, '2018-09-17'),
(190, 1, '2018-09-26', '07:00:00', '09:00:00', 2, 'a:1:{i:4;s:2:\"on\";}', 23, NULL),
(191, 1, '2018-09-26', '14:00:00', '16:00:00', 3, 'a:1:{i:4;s:2:\"on\";}', 23, '2018-09-17'),
(192, 1, '2018-09-27', '07:00:00', '09:00:00', 2, 'a:1:{i:4;s:2:\"on\";}', 23, NULL),
(193, 1, '2018-09-27', '14:00:00', '16:00:00', 3, 'a:1:{i:4;s:2:\"on\";}', 23, '2018-09-17'),
(194, 1, '2018-09-28', '07:00:00', '09:00:00', 2, 'a:1:{i:4;s:2:\"on\";}', 23, NULL),
(195, 1, '2018-09-28', '14:00:00', '16:00:00', 3, 'a:1:{i:4;s:2:\"on\";}', 23, '2018-09-17'),
(196, 1, '2018-09-29', '07:00:00', '09:00:00', 2, 'a:1:{i:4;s:2:\"on\";}', 23, NULL),
(197, 1, '2018-09-29', '14:00:00', '16:00:00', 3, 'a:1:{i:4;s:2:\"on\";}', 23, '2018-09-17'),
(198, 1, '2018-09-30', '07:00:00', '09:00:00', 3, 'a:1:{i:4;s:2:\"on\";}', 23, '2018-09-17'),
(199, 1, '2018-09-30', '14:00:00', '16:00:00', 2, 'a:1:{i:4;s:2:\"on\";}', 23, NULL),
(200, 1, '2018-09-24', '11:00:00', '13:00:00', 7, 'a:8:{i:1;s:2:\"on\";i:2;s:2:\"on\";i:3;s:2:\"on\";i:4;s:2:\"on\";i:5;s:2:\"on\";i:6;s:2:\"on\";i:7;s:2:\"on\";i:8;s:2:\"on\";}', 24, NULL),
(201, 1, '2018-09-24', '18:00:00', '20:00:00', 7, 'a:8:{i:1;s:2:\"on\";i:2;s:2:\"on\";i:3;s:2:\"on\";i:4;s:2:\"on\";i:5;s:2:\"on\";i:6;s:2:\"on\";i:7;s:2:\"on\";i:8;s:2:\"on\";}', 24, NULL),
(202, 1, '2018-09-25', '11:00:00', '13:00:00', 7, 'a:8:{i:1;s:2:\"on\";i:2;s:2:\"on\";i:3;s:2:\"on\";i:4;s:2:\"on\";i:5;s:2:\"on\";i:6;s:2:\"on\";i:7;s:2:\"on\";i:8;s:2:\"on\";}', 24, NULL),
(203, 1, '2018-09-25', '18:00:00', '20:00:00', 7, 'a:8:{i:1;s:2:\"on\";i:2;s:2:\"on\";i:3;s:2:\"on\";i:4;s:2:\"on\";i:5;s:2:\"on\";i:6;s:2:\"on\";i:7;s:2:\"on\";i:8;s:2:\"on\";}', 24, NULL),
(204, 1, '2018-09-26', '11:00:00', '13:00:00', 7, 'a:8:{i:1;s:2:\"on\";i:2;s:2:\"on\";i:3;s:2:\"on\";i:4;s:2:\"on\";i:5;s:2:\"on\";i:6;s:2:\"on\";i:7;s:2:\"on\";i:8;s:2:\"on\";}', 24, NULL),
(205, 1, '2018-09-26', '18:00:00', '20:00:00', 7, 'a:8:{i:1;s:2:\"on\";i:2;s:2:\"on\";i:3;s:2:\"on\";i:4;s:2:\"on\";i:5;s:2:\"on\";i:6;s:2:\"on\";i:7;s:2:\"on\";i:8;s:2:\"on\";}', 24, NULL),
(206, 1, '2018-09-27', '11:00:00', '13:00:00', 7, 'a:8:{i:1;s:2:\"on\";i:2;s:2:\"on\";i:3;s:2:\"on\";i:4;s:2:\"on\";i:5;s:2:\"on\";i:6;s:2:\"on\";i:7;s:2:\"on\";i:8;s:2:\"on\";}', 24, NULL),
(207, 1, '2018-09-27', '18:00:00', '20:00:00', 7, 'a:8:{i:1;s:2:\"on\";i:2;s:2:\"on\";i:3;s:2:\"on\";i:4;s:2:\"on\";i:5;s:2:\"on\";i:6;s:2:\"on\";i:7;s:2:\"on\";i:8;s:2:\"on\";}', 24, NULL),
(208, 1, '2018-09-28', '11:00:00', '13:00:00', 7, 'a:8:{i:1;s:2:\"on\";i:2;s:2:\"on\";i:3;s:2:\"on\";i:4;s:2:\"on\";i:5;s:2:\"on\";i:6;s:2:\"on\";i:7;s:2:\"on\";i:8;s:2:\"on\";}', 24, NULL),
(209, 1, '2018-09-28', '18:00:00', '20:00:00', 7, 'a:8:{i:1;s:2:\"on\";i:2;s:2:\"on\";i:3;s:2:\"on\";i:4;s:2:\"on\";i:5;s:2:\"on\";i:6;s:2:\"on\";i:7;s:2:\"on\";i:8;s:2:\"on\";}', 24, NULL),
(210, 1, '2018-09-29', '11:00:00', '13:00:00', 7, 'a:8:{i:1;s:2:\"on\";i:2;s:2:\"on\";i:3;s:2:\"on\";i:4;s:2:\"on\";i:5;s:2:\"on\";i:6;s:2:\"on\";i:7;s:2:\"on\";i:8;s:2:\"on\";}', 24, NULL),
(211, 1, '2018-09-29', '18:00:00', '20:00:00', 7, 'a:8:{i:1;s:2:\"on\";i:2;s:2:\"on\";i:3;s:2:\"on\";i:4;s:2:\"on\";i:5;s:2:\"on\";i:6;s:2:\"on\";i:7;s:2:\"on\";i:8;s:2:\"on\";}', 24, NULL),
(212, 1, '2018-09-30', '11:00:00', '13:00:00', 7, 'a:8:{i:1;s:2:\"on\";i:2;s:2:\"on\";i:3;s:2:\"on\";i:4;s:2:\"on\";i:5;s:2:\"on\";i:6;s:2:\"on\";i:7;s:2:\"on\";i:8;s:2:\"on\";}', 24, NULL),
(213, 1, '2018-09-30', '18:00:00', '20:00:00', 7, 'a:8:{i:1;s:2:\"on\";i:2;s:2:\"on\";i:3;s:2:\"on\";i:4;s:2:\"on\";i:5;s:2:\"on\";i:6;s:2:\"on\";i:7;s:2:\"on\";i:8;s:2:\"on\";}', 24, NULL),
(214, 1, '2018-10-01', '11:00:00', '13:00:00', 7, 'a:8:{i:1;s:2:\"on\";i:2;s:2:\"on\";i:3;s:2:\"on\";i:4;s:2:\"on\";i:5;s:2:\"on\";i:6;s:2:\"on\";i:7;s:2:\"on\";i:8;s:2:\"on\";}', 24, NULL),
(215, 1, '2018-10-01', '18:00:00', '20:00:00', 7, 'a:8:{i:1;s:2:\"on\";i:2;s:2:\"on\";i:3;s:2:\"on\";i:4;s:2:\"on\";i:5;s:2:\"on\";i:6;s:2:\"on\";i:7;s:2:\"on\";i:8;s:2:\"on\";}', 24, NULL),
(216, 1, '2018-10-02', '11:00:00', '13:00:00', 7, 'a:8:{i:1;s:2:\"on\";i:2;s:2:\"on\";i:3;s:2:\"on\";i:4;s:2:\"on\";i:5;s:2:\"on\";i:6;s:2:\"on\";i:7;s:2:\"on\";i:8;s:2:\"on\";}', 24, NULL),
(217, 1, '2018-10-02', '18:00:00', '20:00:00', 7, 'a:8:{i:1;s:2:\"on\";i:2;s:2:\"on\";i:3;s:2:\"on\";i:4;s:2:\"on\";i:5;s:2:\"on\";i:6;s:2:\"on\";i:7;s:2:\"on\";i:8;s:2:\"on\";}', 24, NULL),
(218, 1, '2018-10-03', '11:00:00', '13:00:00', 7, 'a:8:{i:1;s:2:\"on\";i:2;s:2:\"on\";i:3;s:2:\"on\";i:4;s:2:\"on\";i:5;s:2:\"on\";i:6;s:2:\"on\";i:7;s:2:\"on\";i:8;s:2:\"on\";}', 24, NULL),
(219, 1, '2018-10-03', '18:00:00', '20:00:00', 7, 'a:8:{i:1;s:2:\"on\";i:2;s:2:\"on\";i:3;s:2:\"on\";i:4;s:2:\"on\";i:5;s:2:\"on\";i:6;s:2:\"on\";i:7;s:2:\"on\";i:8;s:2:\"on\";}', 24, NULL),
(220, 1, '2018-10-04', '11:00:00', '13:00:00', 7, 'a:8:{i:1;s:2:\"on\";i:2;s:2:\"on\";i:3;s:2:\"on\";i:4;s:2:\"on\";i:5;s:2:\"on\";i:6;s:2:\"on\";i:7;s:2:\"on\";i:8;s:2:\"on\";}', 24, NULL),
(221, 1, '2018-10-04', '18:00:00', '20:00:00', 7, 'a:8:{i:1;s:2:\"on\";i:2;s:2:\"on\";i:3;s:2:\"on\";i:4;s:2:\"on\";i:5;s:2:\"on\";i:6;s:2:\"on\";i:7;s:2:\"on\";i:8;s:2:\"on\";}', 24, NULL),
(222, 1, '2018-10-05', '11:00:00', '13:00:00', 7, 'a:8:{i:1;s:2:\"on\";i:2;s:2:\"on\";i:3;s:2:\"on\";i:4;s:2:\"on\";i:5;s:2:\"on\";i:6;s:2:\"on\";i:7;s:2:\"on\";i:8;s:2:\"on\";}', 24, NULL),
(223, 1, '2018-10-05', '18:00:00', '20:00:00', 7, 'a:8:{i:1;s:2:\"on\";i:2;s:2:\"on\";i:3;s:2:\"on\";i:4;s:2:\"on\";i:5;s:2:\"on\";i:6;s:2:\"on\";i:7;s:2:\"on\";i:8;s:2:\"on\";}', 24, NULL),
(224, 1, '2018-09-18', '09:00:00', '13:00:00', 7, 'a:8:{i:1;s:2:\"on\";i:2;s:2:\"on\";i:3;s:2:\"on\";i:4;s:2:\"on\";i:5;s:2:\"on\";i:6;s:2:\"on\";i:7;s:2:\"on\";i:8;s:2:\"on\";}', 25, NULL),
(225, 1, '2018-09-18', '16:00:00', '18:00:00', 7, 'a:8:{i:1;s:2:\"on\";i:2;s:2:\"on\";i:3;s:2:\"on\";i:4;s:2:\"on\";i:5;s:2:\"on\";i:6;s:2:\"on\";i:7;s:2:\"on\";i:8;s:2:\"on\";}', 25, '2018-09-17'),
(226, 1, '2018-09-18', '09:00:00', '11:00:00', 7, 'a:8:{i:1;s:2:\"on\";i:2;s:2:\"on\";i:3;s:2:\"on\";i:4;s:2:\"on\";i:5;s:2:\"on\";i:6;s:2:\"on\";i:7;s:2:\"on\";i:8;s:2:\"on\";}', 25, '2018-09-17'),
(227, 1, '2018-09-18', '15:30:00', '19:30:00', 7, 'a:8:{i:1;s:2:\"on\";i:2;s:2:\"on\";i:3;s:2:\"on\";i:4;s:2:\"on\";i:5;s:2:\"on\";i:6;s:2:\"on\";i:7;s:2:\"on\";i:8;s:2:\"on\";}', 25, NULL),
(228, 1, '2018-09-19', '09:00:00', '13:00:00', 7, 'a:8:{i:1;s:2:\"on\";i:2;s:2:\"on\";i:3;s:2:\"on\";i:4;s:2:\"on\";i:5;s:2:\"on\";i:6;s:2:\"on\";i:7;s:2:\"on\";i:8;s:2:\"on\";}', 25, NULL),
(229, 1, '2018-09-19', '15:30:00', '19:30:00', 7, 'a:8:{i:1;s:2:\"on\";i:2;s:2:\"on\";i:3;s:2:\"on\";i:4;s:2:\"on\";i:5;s:2:\"on\";i:6;s:2:\"on\";i:7;s:2:\"on\";i:8;s:2:\"on\";}', 25, NULL),
(230, 1, '2018-09-20', '09:00:00', '13:00:00', 7, 'a:8:{i:1;s:2:\"on\";i:2;s:2:\"on\";i:3;s:2:\"on\";i:4;s:2:\"on\";i:5;s:2:\"on\";i:6;s:2:\"on\";i:7;s:2:\"on\";i:8;s:2:\"on\";}', 25, NULL),
(231, 1, '2018-09-20', '15:30:00', '19:30:00', 7, 'a:8:{i:1;s:2:\"on\";i:2;s:2:\"on\";i:3;s:2:\"on\";i:4;s:2:\"on\";i:5;s:2:\"on\";i:6;s:2:\"on\";i:7;s:2:\"on\";i:8;s:2:\"on\";}', 25, NULL),
(232, 1, '2018-09-21', '09:00:00', '13:00:00', 7, 'a:8:{i:1;s:2:\"on\";i:2;s:2:\"on\";i:3;s:2:\"on\";i:4;s:2:\"on\";i:5;s:2:\"on\";i:6;s:2:\"on\";i:7;s:2:\"on\";i:8;s:2:\"on\";}', 25, NULL),
(233, 1, '2018-09-21', '15:30:00', '19:30:00', 7, 'a:8:{i:1;s:2:\"on\";i:2;s:2:\"on\";i:3;s:2:\"on\";i:4;s:2:\"on\";i:5;s:2:\"on\";i:6;s:2:\"on\";i:7;s:2:\"on\";i:8;s:2:\"on\";}', 25, NULL),
(234, 1, '2018-09-22', '09:00:00', '13:00:00', 7, 'a:8:{i:1;s:2:\"on\";i:2;s:2:\"on\";i:3;s:2:\"on\";i:4;s:2:\"on\";i:5;s:2:\"on\";i:6;s:2:\"on\";i:7;s:2:\"on\";i:8;s:2:\"on\";}', 25, NULL),
(235, 1, '2018-09-22', '15:30:00', '19:30:00', 7, 'a:8:{i:1;s:2:\"on\";i:2;s:2:\"on\";i:3;s:2:\"on\";i:4;s:2:\"on\";i:5;s:2:\"on\";i:6;s:2:\"on\";i:7;s:2:\"on\";i:8;s:2:\"on\";}', 25, NULL),
(236, 1, '2018-09-23', '09:00:00', '13:00:00', 7, 'a:8:{i:1;s:2:\"on\";i:2;s:2:\"on\";i:3;s:2:\"on\";i:4;s:2:\"on\";i:5;s:2:\"on\";i:6;s:2:\"on\";i:7;s:2:\"on\";i:8;s:2:\"on\";}', 25, NULL),
(237, 1, '2018-09-23', '16:00:00', '18:00:00', 7, 'a:8:{i:1;s:2:\"on\";i:2;s:2:\"on\";i:3;s:2:\"on\";i:4;s:2:\"on\";i:5;s:2:\"on\";i:6;s:2:\"on\";i:7;s:2:\"on\";i:8;s:2:\"on\";}', 25, NULL),
(238, 1, '2018-09-24', '09:00:00', '11:00:00', 7, 'a:8:{i:1;s:2:\"on\";i:2;s:2:\"on\";i:3;s:2:\"on\";i:4;s:2:\"on\";i:5;s:2:\"on\";i:6;s:2:\"on\";i:7;s:2:\"on\";i:8;s:2:\"on\";}', 25, NULL),
(239, 1, '2018-09-24', '16:00:00', '18:00:00', 7, 'a:8:{i:1;s:2:\"on\";i:2;s:2:\"on\";i:3;s:2:\"on\";i:4;s:2:\"on\";i:5;s:2:\"on\";i:6;s:2:\"on\";i:7;s:2:\"on\";i:8;s:2:\"on\";}', 25, NULL),
(240, 1, '2018-09-25', '09:00:00', '11:00:00', 7, 'a:8:{i:1;s:2:\"on\";i:2;s:2:\"on\";i:3;s:2:\"on\";i:4;s:2:\"on\";i:5;s:2:\"on\";i:6;s:2:\"on\";i:7;s:2:\"on\";i:8;s:2:\"on\";}', 25, NULL),
(241, 1, '2018-09-25', '16:00:00', '18:00:00', 7, 'a:8:{i:1;s:2:\"on\";i:2;s:2:\"on\";i:3;s:2:\"on\";i:4;s:2:\"on\";i:5;s:2:\"on\";i:6;s:2:\"on\";i:7;s:2:\"on\";i:8;s:2:\"on\";}', 25, NULL),
(242, 1, '2018-09-26', '09:00:00', '11:00:00', 7, 'a:8:{i:1;s:2:\"on\";i:2;s:2:\"on\";i:3;s:2:\"on\";i:4;s:2:\"on\";i:5;s:2:\"on\";i:6;s:2:\"on\";i:7;s:2:\"on\";i:8;s:2:\"on\";}', 25, NULL),
(243, 1, '2018-09-26', '16:00:00', '18:00:00', 7, 'a:8:{i:1;s:2:\"on\";i:2;s:2:\"on\";i:3;s:2:\"on\";i:4;s:2:\"on\";i:5;s:2:\"on\";i:6;s:2:\"on\";i:7;s:2:\"on\";i:8;s:2:\"on\";}', 25, NULL),
(244, 1, '2018-09-27', '09:00:00', '11:00:00', 7, 'a:8:{i:1;s:2:\"on\";i:2;s:2:\"on\";i:3;s:2:\"on\";i:4;s:2:\"on\";i:5;s:2:\"on\";i:6;s:2:\"on\";i:7;s:2:\"on\";i:8;s:2:\"on\";}', 25, NULL),
(245, 1, '2018-09-27', '16:00:00', '18:00:00', 7, 'a:8:{i:1;s:2:\"on\";i:2;s:2:\"on\";i:3;s:2:\"on\";i:4;s:2:\"on\";i:5;s:2:\"on\";i:6;s:2:\"on\";i:7;s:2:\"on\";i:8;s:2:\"on\";}', 25, NULL),
(246, 1, '2018-09-28', '09:00:00', '11:00:00', 7, 'a:8:{i:1;s:2:\"on\";i:2;s:2:\"on\";i:3;s:2:\"on\";i:4;s:2:\"on\";i:5;s:2:\"on\";i:6;s:2:\"on\";i:7;s:2:\"on\";i:8;s:2:\"on\";}', 25, NULL),
(247, 1, '2018-09-28', '16:00:00', '18:00:00', 7, 'a:8:{i:1;s:2:\"on\";i:2;s:2:\"on\";i:3;s:2:\"on\";i:4;s:2:\"on\";i:5;s:2:\"on\";i:6;s:2:\"on\";i:7;s:2:\"on\";i:8;s:2:\"on\";}', 25, NULL),
(248, 1, '2018-09-29', '09:00:00', '11:00:00', 7, 'a:8:{i:1;s:2:\"on\";i:2;s:2:\"on\";i:3;s:2:\"on\";i:4;s:2:\"on\";i:5;s:2:\"on\";i:6;s:2:\"on\";i:7;s:2:\"on\";i:8;s:2:\"on\";}', 25, NULL),
(249, 1, '2018-09-29', '16:00:00', '18:00:00', 7, 'a:8:{i:1;s:2:\"on\";i:2;s:2:\"on\";i:3;s:2:\"on\";i:4;s:2:\"on\";i:5;s:2:\"on\";i:6;s:2:\"on\";i:7;s:2:\"on\";i:8;s:2:\"on\";}', 25, NULL),
(250, 1, '2018-09-23', '07:00:00', '09:00:00', 3, 'a:4:{i:1;s:2:\"on\";i:2;s:2:\"on\";i:3;s:2:\"on\";i:4;s:2:\"on\";}', 26, NULL),
(251, 1, '2018-09-23', '14:00:00', '16:00:00', 3, 'a:4:{i:1;s:2:\"on\";i:2;s:2:\"on\";i:3;s:2:\"on\";i:4;s:2:\"on\";}', 26, NULL),
(252, 1, '2018-09-23', '07:00:00', '09:00:00', 3, 'a:4:{i:1;s:2:\"on\";i:2;s:2:\"on\";i:3;s:2:\"on\";i:4;s:2:\"on\";}', 26, NULL),
(253, 1, '2018-09-23', '14:00:00', '16:00:00', 3, 'a:4:{i:1;s:2:\"on\";i:2;s:2:\"on\";i:3;s:2:\"on\";i:4;s:2:\"on\";}', 26, NULL),
(254, 1, '2018-09-24', '07:00:00', '09:00:00', 3, 'a:4:{i:1;s:2:\"on\";i:2;s:2:\"on\";i:3;s:2:\"on\";i:4;s:2:\"on\";}', 26, NULL),
(255, 1, '2018-09-24', '14:00:00', '16:00:00', 3, 'a:4:{i:1;s:2:\"on\";i:2;s:2:\"on\";i:3;s:2:\"on\";i:4;s:2:\"on\";}', 26, NULL),
(256, 1, '2018-09-25', '07:00:00', '09:00:00', 3, 'a:4:{i:1;s:2:\"on\";i:2;s:2:\"on\";i:3;s:2:\"on\";i:4;s:2:\"on\";}', 26, NULL),
(257, 1, '2018-09-25', '14:00:00', '16:00:00', 3, 'a:4:{i:1;s:2:\"on\";i:2;s:2:\"on\";i:3;s:2:\"on\";i:4;s:2:\"on\";}', 26, NULL),
(258, 1, '2018-09-26', '07:00:00', '09:00:00', 3, 'a:4:{i:1;s:2:\"on\";i:2;s:2:\"on\";i:3;s:2:\"on\";i:4;s:2:\"on\";}', 26, NULL),
(259, 1, '2018-09-26', '14:00:00', '16:00:00', 3, 'a:4:{i:1;s:2:\"on\";i:2;s:2:\"on\";i:3;s:2:\"on\";i:4;s:2:\"on\";}', 26, NULL),
(260, 1, '2018-09-27', '07:00:00', '09:00:00', 3, 'a:4:{i:1;s:2:\"on\";i:2;s:2:\"on\";i:3;s:2:\"on\";i:4;s:2:\"on\";}', 26, NULL),
(261, 1, '2018-09-27', '14:00:00', '16:00:00', 3, 'a:4:{i:1;s:2:\"on\";i:2;s:2:\"on\";i:3;s:2:\"on\";i:4;s:2:\"on\";}', 26, NULL),
(262, 1, '2018-09-28', '07:00:00', '09:00:00', 3, 'a:4:{i:1;s:2:\"on\";i:2;s:2:\"on\";i:3;s:2:\"on\";i:4;s:2:\"on\";}', 26, NULL),
(263, 1, '2018-09-28', '14:00:00', '16:00:00', 3, 'a:4:{i:1;s:2:\"on\";i:2;s:2:\"on\";i:3;s:2:\"on\";i:4;s:2:\"on\";}', 26, NULL),
(264, 1, '2018-09-29', '07:00:00', '09:00:00', 3, 'a:4:{i:1;s:2:\"on\";i:2;s:2:\"on\";i:3;s:2:\"on\";i:4;s:2:\"on\";}', 26, NULL),
(265, 1, '2018-09-29', '14:00:00', '16:00:00', 3, 'a:4:{i:1;s:2:\"on\";i:2;s:2:\"on\";i:3;s:2:\"on\";i:4;s:2:\"on\";}', 26, NULL),
(266, 1, '2018-09-30', '07:00:00', '09:00:00', 3, 'a:4:{i:1;s:2:\"on\";i:2;s:2:\"on\";i:3;s:2:\"on\";i:4;s:2:\"on\";}', 26, NULL),
(267, 1, '2018-09-30', '14:00:00', '16:00:00', 3, 'a:4:{i:1;s:2:\"on\";i:2;s:2:\"on\";i:3;s:2:\"on\";i:4;s:2:\"on\";}', 26, NULL),
(268, 1, '2018-09-23', '14:00:00', '16:00:00', 3, 'a:4:{i:1;s:2:\"on\";i:2;s:2:\"on\";i:3;s:2:\"on\";i:4;s:2:\"on\";}', 27, NULL),
(269, 1, '2018-09-23', '07:00:00', '09:00:00', 3, 'a:4:{i:1;s:2:\"on\";i:2;s:2:\"on\";i:3;s:2:\"on\";i:4;s:2:\"on\";}', 27, NULL),
(270, 1, '2018-09-23', '14:00:00', '16:00:00', 3, 'a:4:{i:1;s:2:\"on\";i:2;s:2:\"on\";i:3;s:2:\"on\";i:4;s:2:\"on\";}', 27, NULL),
(271, 1, '2018-09-24', '07:00:00', '09:00:00', 3, 'a:4:{i:1;s:2:\"on\";i:2;s:2:\"on\";i:3;s:2:\"on\";i:4;s:2:\"on\";}', 27, NULL),
(272, 1, '2018-09-24', '14:00:00', '16:00:00', 3, 'a:4:{i:1;s:2:\"on\";i:2;s:2:\"on\";i:3;s:2:\"on\";i:4;s:2:\"on\";}', 27, NULL),
(273, 1, '2018-09-25', '07:00:00', '09:00:00', 3, 'a:4:{i:1;s:2:\"on\";i:2;s:2:\"on\";i:3;s:2:\"on\";i:4;s:2:\"on\";}', 27, NULL),
(274, 1, '2018-09-25', '14:00:00', '16:00:00', 3, 'a:4:{i:1;s:2:\"on\";i:2;s:2:\"on\";i:3;s:2:\"on\";i:4;s:2:\"on\";}', 27, NULL),
(275, 1, '2018-09-26', '07:00:00', '09:00:00', 3, 'a:4:{i:1;s:2:\"on\";i:2;s:2:\"on\";i:3;s:2:\"on\";i:4;s:2:\"on\";}', 27, NULL),
(276, 1, '2018-09-26', '14:00:00', '16:00:00', 3, 'a:4:{i:1;s:2:\"on\";i:2;s:2:\"on\";i:3;s:2:\"on\";i:4;s:2:\"on\";}', 27, NULL),
(277, 1, '2018-09-27', '07:00:00', '09:00:00', 3, 'a:4:{i:1;s:2:\"on\";i:2;s:2:\"on\";i:3;s:2:\"on\";i:4;s:2:\"on\";}', 27, NULL),
(278, 1, '2018-09-27', '14:00:00', '16:00:00', 3, 'a:4:{i:1;s:2:\"on\";i:2;s:2:\"on\";i:3;s:2:\"on\";i:4;s:2:\"on\";}', 27, NULL),
(279, 1, '2018-09-28', '07:00:00', '09:00:00', 3, 'a:4:{i:1;s:2:\"on\";i:2;s:2:\"on\";i:3;s:2:\"on\";i:4;s:2:\"on\";}', 27, NULL),
(280, 1, '2018-09-28', '14:00:00', '16:00:00', 3, 'a:4:{i:1;s:2:\"on\";i:2;s:2:\"on\";i:3;s:2:\"on\";i:4;s:2:\"on\";}', 27, NULL),
(281, 1, '2018-09-29', '07:00:00', '09:00:00', 3, 'a:4:{i:1;s:2:\"on\";i:2;s:2:\"on\";i:3;s:2:\"on\";i:4;s:2:\"on\";}', 27, NULL),
(282, 1, '2018-09-29', '14:00:00', '16:00:00', 3, 'a:4:{i:1;s:2:\"on\";i:2;s:2:\"on\";i:3;s:2:\"on\";i:4;s:2:\"on\";}', 27, NULL),
(283, 1, '2018-09-30', '07:00:00', '09:00:00', 3, 'a:4:{i:1;s:2:\"on\";i:2;s:2:\"on\";i:3;s:2:\"on\";i:4;s:2:\"on\";}', 27, NULL),
(284, 6, '2018-09-23', '11:00:00', '12:00:00', 0, NULL, 25, NULL),
(285, 6, '2018-09-23', '18:00:00', '19:00:00', 0, NULL, 25, NULL),
(286, 6, '2018-09-24', '11:00:00', '12:00:00', 0, NULL, 25, NULL),
(287, 6, '2018-09-24', '18:00:00', '19:00:00', 0, NULL, 25, NULL),
(288, 6, '2018-09-25', '11:00:00', '12:00:00', 0, NULL, 25, NULL),
(289, 6, '2018-09-25', '18:00:00', '19:00:00', 0, NULL, 25, NULL),
(290, 6, '2018-09-26', '11:00:00', '12:00:00', 0, NULL, 25, NULL),
(291, 6, '2018-09-26', '18:00:00', '19:00:00', 0, NULL, 25, NULL),
(292, 6, '2018-09-27', '11:00:00', '12:00:00', 0, NULL, 25, NULL),
(293, 6, '2018-09-27', '18:00:00', '19:00:00', 0, NULL, 25, NULL),
(294, 6, '2018-09-28', '11:00:00', '12:00:00', 0, NULL, 25, NULL),
(295, 6, '2018-09-28', '18:00:00', '19:00:00', 0, NULL, 25, NULL),
(296, 6, '2018-09-29', '11:00:00', '12:00:00', 0, NULL, 25, NULL),
(297, 6, '2018-09-29', '18:00:00', '19:00:00', 0, NULL, 25, NULL),
(298, 1, '2018-09-30', '09:00:00', '11:00:00', 3, 'a:4:{i:1;s:2:\"on\";i:2;s:2:\"on\";i:3;s:2:\"on\";i:4;s:2:\"on\";}', 28, NULL),
(299, 1, '2018-09-30', '16:00:00', '18:00:00', 3, 'a:4:{i:1;s:2:\"on\";i:2;s:2:\"on\";i:3;s:2:\"on\";i:4;s:2:\"on\";}', 28, NULL),
(300, 1, '2018-10-01', '09:00:00', '11:00:00', 3, 'a:4:{i:1;s:2:\"on\";i:2;s:2:\"on\";i:3;s:2:\"on\";i:4;s:2:\"on\";}', 28, NULL),
(301, 1, '2018-10-01', '16:00:00', '18:00:00', 3, 'a:4:{i:1;s:2:\"on\";i:2;s:2:\"on\";i:3;s:2:\"on\";i:4;s:2:\"on\";}', 28, NULL),
(302, 1, '2018-10-02', '09:00:00', '11:00:00', 3, 'a:4:{i:1;s:2:\"on\";i:2;s:2:\"on\";i:3;s:2:\"on\";i:4;s:2:\"on\";}', 28, NULL),
(303, 1, '2018-10-02', '16:00:00', '18:00:00', 3, 'a:4:{i:1;s:2:\"on\";i:2;s:2:\"on\";i:3;s:2:\"on\";i:4;s:2:\"on\";}', 28, NULL),
(304, 1, '2018-10-03', '09:00:00', '11:00:00', 3, 'a:4:{i:1;s:2:\"on\";i:2;s:2:\"on\";i:3;s:2:\"on\";i:4;s:2:\"on\";}', 28, NULL),
(305, 1, '2018-10-03', '16:00:00', '18:00:00', 3, 'a:4:{i:1;s:2:\"on\";i:2;s:2:\"on\";i:3;s:2:\"on\";i:4;s:2:\"on\";}', 28, NULL),
(306, 1, '2018-10-04', '09:00:00', '11:00:00', 3, 'a:4:{i:1;s:2:\"on\";i:2;s:2:\"on\";i:3;s:2:\"on\";i:4;s:2:\"on\";}', 28, NULL),
(307, 1, '2018-10-04', '16:00:00', '18:00:00', 3, 'a:4:{i:1;s:2:\"on\";i:2;s:2:\"on\";i:3;s:2:\"on\";i:4;s:2:\"on\";}', 28, NULL),
(308, 1, '2018-10-05', '09:00:00', '11:00:00', 3, 'a:4:{i:1;s:2:\"on\";i:2;s:2:\"on\";i:3;s:2:\"on\";i:4;s:2:\"on\";}', 28, NULL),
(309, 1, '2018-10-05', '16:00:00', '18:00:00', 3, 'a:4:{i:1;s:2:\"on\";i:2;s:2:\"on\";i:3;s:2:\"on\";i:4;s:2:\"on\";}', 28, NULL),
(310, 1, '2018-10-06', '09:00:00', '11:00:00', 3, 'a:4:{i:1;s:2:\"on\";i:2;s:2:\"on\";i:3;s:2:\"on\";i:4;s:2:\"on\";}', 28, NULL),
(311, 1, '2018-10-06', '16:00:00', '18:00:00', 3, 'a:4:{i:1;s:2:\"on\";i:2;s:2:\"on\";i:3;s:2:\"on\";i:4;s:2:\"on\";}', 28, NULL),
(312, 1, '2018-10-07', '09:00:00', '11:00:00', 3, 'a:4:{i:1;s:2:\"on\";i:2;s:2:\"on\";i:3;s:2:\"on\";i:4;s:2:\"on\";}', 28, NULL),
(313, 1, '2018-10-07', '16:00:00', '18:00:00', 3, 'a:4:{i:1;s:2:\"on\";i:2;s:2:\"on\";i:3;s:2:\"on\";i:4;s:2:\"on\";}', 28, NULL),
(314, 1, '2018-10-08', '09:00:00', '11:00:00', 3, 'a:4:{i:1;s:2:\"on\";i:2;s:2:\"on\";i:3;s:2:\"on\";i:4;s:2:\"on\";}', 28, NULL),
(315, 1, '2018-10-08', '16:00:00', '18:00:00', 3, 'a:4:{i:1;s:2:\"on\";i:2;s:2:\"on\";i:3;s:2:\"on\";i:4;s:2:\"on\";}', 28, NULL),
(316, 1, '2018-10-09', '09:00:00', '11:00:00', 3, 'a:4:{i:1;s:2:\"on\";i:2;s:2:\"on\";i:3;s:2:\"on\";i:4;s:2:\"on\";}', 28, NULL),
(317, 1, '2018-10-09', '16:00:00', '18:00:00', 3, 'a:4:{i:1;s:2:\"on\";i:2;s:2:\"on\";i:3;s:2:\"on\";i:4;s:2:\"on\";}', 28, NULL),
(318, 11, '2018-09-26', '16:00:00', '18:00:00', 0, NULL, 27, NULL),
(319, 11, '2018-09-27', '09:00:00', '09:30:00', 0, NULL, 27, NULL),
(320, 11, '2018-09-28', '16:00:00', '18:00:00', 0, NULL, 27, NULL),
(321, 16, '2018-09-26', '20:30:00', '21:30:00', 0, NULL, 22, NULL),
(322, 16, '2018-09-27', '20:30:00', '21:30:00', 0, NULL, 22, NULL),
(323, 6, '2018-09-26', '20:30:00', '21:30:00', 0, NULL, 27, '2018-09-26'),
(324, 6, '2018-09-28', '16:30:00', '17:30:00', 0, NULL, 24, NULL),
(325, 6, '2018-09-30', '16:30:00', '17:30:00', 0, NULL, 24, NULL),
(326, 6, '2018-09-28', '16:30:00', '17:30:00', 0, NULL, 24, NULL),
(327, 6, '2018-10-02', '16:30:00', '17:30:00', 0, NULL, 24, NULL),
(328, 6, '2018-10-04', '16:30:00', '17:30:00', 0, NULL, 24, NULL),
(329, 4, '2018-09-28', '09:45:00', '10:45:00', 0, NULL, 24, NULL),
(330, 4, '2018-09-29', '09:45:00', '10:45:00', 0, NULL, 24, NULL),
(331, 5, '2018-09-28', '09:45:00', '09:45:00', 0, NULL, 24, NULL),
(332, 5, '2018-09-29', '09:45:00', '09:45:00', 0, NULL, 24, NULL),
(333, 5, '2018-09-30', '09:45:00', '09:45:00', 0, NULL, 24, NULL),
(334, 5, '2018-10-01', '09:45:00', '09:45:00', 0, NULL, 24, NULL),
(335, 5, '2018-10-02', '09:45:00', '09:45:00', 0, NULL, 24, NULL),
(336, 5, '2018-10-03', '09:45:00', '09:45:00', 0, NULL, 24, NULL),
(337, 5, '2018-10-04', '09:45:00', '09:45:00', 0, NULL, 24, NULL),
(338, 4, '2018-09-30', '09:45:00', '10:45:00', 0, NULL, 24, NULL),
(339, 4, '2018-10-01', '09:45:00', '10:45:00', 0, NULL, 24, NULL),
(340, 4, '2018-10-02', '09:45:00', '10:45:00', 0, NULL, 24, NULL),
(341, 4, '2018-10-03', '09:45:00', '10:45:00', 0, NULL, 24, NULL),
(342, 4, '2018-10-04', '09:45:00', '10:45:00', 0, NULL, 24, NULL),
(343, 1, '2018-09-30', '09:00:00', '11:00:00', 3, 'a:4:{i:1;s:2:\"on\";i:2;s:2:\"on\";i:3;s:2:\"on\";i:4;s:2:\"on\";}', 29, NULL),
(344, 1, '2018-09-30', '16:00:00', '18:00:00', 3, 'a:4:{i:1;s:2:\"on\";i:2;s:2:\"on\";i:3;s:2:\"on\";i:4;s:2:\"on\";}', 29, NULL),
(345, 1, '2018-10-01', '09:00:00', '11:00:00', 3, 'a:4:{i:1;s:2:\"on\";i:2;s:2:\"on\";i:3;s:2:\"on\";i:4;s:2:\"on\";}', 29, NULL),
(346, 1, '2018-10-01', '16:00:00', '18:00:00', 3, 'a:4:{i:1;s:2:\"on\";i:2;s:2:\"on\";i:3;s:2:\"on\";i:4;s:2:\"on\";}', 29, NULL),
(347, 1, '2018-10-02', '09:00:00', '11:00:00', 3, 'a:4:{i:1;s:2:\"on\";i:2;s:2:\"on\";i:3;s:2:\"on\";i:4;s:2:\"on\";}', 29, NULL),
(348, 1, '2018-10-02', '16:00:00', '18:00:00', 3, 'a:4:{i:1;s:2:\"on\";i:2;s:2:\"on\";i:3;s:2:\"on\";i:4;s:2:\"on\";}', 29, NULL),
(349, 1, '2018-10-03', '09:00:00', '11:00:00', 3, 'a:4:{i:1;s:2:\"on\";i:2;s:2:\"on\";i:3;s:2:\"on\";i:4;s:2:\"on\";}', 29, NULL),
(350, 1, '2018-10-03', '16:00:00', '18:00:00', 3, 'a:4:{i:1;s:2:\"on\";i:2;s:2:\"on\";i:3;s:2:\"on\";i:4;s:2:\"on\";}', 29, NULL),
(351, 1, '2018-10-04', '09:00:00', '11:00:00', 3, 'a:4:{i:1;s:2:\"on\";i:2;s:2:\"on\";i:3;s:2:\"on\";i:4;s:2:\"on\";}', 29, NULL),
(352, 1, '2018-10-04', '16:00:00', '18:00:00', 3, 'a:4:{i:1;s:2:\"on\";i:2;s:2:\"on\";i:3;s:2:\"on\";i:4;s:2:\"on\";}', 29, NULL),
(353, 1, '2018-10-05', '09:00:00', '11:00:00', 3, 'a:4:{i:1;s:2:\"on\";i:2;s:2:\"on\";i:3;s:2:\"on\";i:4;s:2:\"on\";}', 29, NULL),
(354, 1, '2018-10-05', '16:00:00', '18:00:00', 3, 'a:4:{i:1;s:2:\"on\";i:2;s:2:\"on\";i:3;s:2:\"on\";i:4;s:2:\"on\";}', 29, NULL),
(355, 1, '2018-10-06', '09:00:00', '11:00:00', 3, 'a:4:{i:1;s:2:\"on\";i:2;s:2:\"on\";i:3;s:2:\"on\";i:4;s:2:\"on\";}', 29, NULL),
(356, 1, '2018-10-06', '16:00:00', '18:00:00', 3, 'a:4:{i:1;s:2:\"on\";i:2;s:2:\"on\";i:3;s:2:\"on\";i:4;s:2:\"on\";}', 29, NULL),
(357, 1, '2018-10-07', '09:00:00', '11:00:00', 3, 'a:4:{i:1;s:2:\"on\";i:2;s:2:\"on\";i:3;s:2:\"on\";i:4;s:2:\"on\";}', 29, NULL),
(358, 1, '2018-10-07', '16:00:00', '18:00:00', 3, 'a:4:{i:1;s:2:\"on\";i:2;s:2:\"on\";i:3;s:2:\"on\";i:4;s:2:\"on\";}', 29, NULL),
(359, 1, '2018-10-08', '09:00:00', '11:00:00', 3, 'a:4:{i:1;s:2:\"on\";i:2;s:2:\"on\";i:3;s:2:\"on\";i:4;s:2:\"on\";}', 29, NULL),
(360, 1, '2018-10-08', '16:00:00', '18:00:00', 3, 'a:4:{i:1;s:2:\"on\";i:2;s:2:\"on\";i:3;s:2:\"on\";i:4;s:2:\"on\";}', 29, NULL),
(361, 1, '2018-10-09', '09:00:00', '11:00:00', 3, 'a:3:{i:1;s:2:\"on\";i:2;s:2:\"on\";i:3;s:2:\"on\";}', 29, NULL),
(362, 1, '2018-10-09', '16:00:00', '18:00:00', 3, 'a:4:{i:1;s:2:\"on\";i:2;s:2:\"on\";i:3;s:2:\"on\";i:4;s:2:\"on\";}', 29, NULL),
(363, 1, '2019-03-24', '11:00:00', '13:00:00', 5, NULL, 30, NULL),
(364, 1, '2019-03-24', '18:00:00', '20:00:00', 5, NULL, 30, NULL),
(365, 1, '2019-03-24', '11:00:00', '13:00:00', 5, NULL, 30, NULL),
(366, 1, '2019-03-24', '18:00:00', '20:00:00', 5, NULL, 30, NULL),
(367, 1, '2019-03-25', '11:00:00', '13:00:00', 5, NULL, 30, NULL),
(368, 1, '2019-03-25', '18:00:00', '20:00:00', 5, NULL, 30, NULL),
(369, 1, '2019-03-26', '11:00:00', '13:00:00', 5, NULL, 30, NULL),
(370, 1, '2019-03-26', '18:00:00', '20:00:00', 5, NULL, 30, NULL),
(371, 1, '2019-03-27', '11:00:00', '13:00:00', 5, NULL, 30, NULL),
(372, 1, '2019-03-27', '18:00:00', '20:00:00', 5, NULL, 30, NULL),
(373, 1, '2019-03-28', '11:00:00', '13:00:00', 5, NULL, 30, NULL),
(374, 1, '2019-03-28', '18:00:00', '20:00:00', 5, NULL, 30, NULL),
(375, 1, '2019-03-29', '11:00:00', '13:00:00', 5, NULL, 30, NULL),
(376, 1, '2019-03-29', '18:00:00', '20:00:00', 5, NULL, 30, NULL),
(377, 1, '2019-03-30', '11:00:00', '13:00:00', 5, NULL, 30, NULL),
(378, 1, '2019-03-30', '18:00:00', '20:00:00', 5, NULL, 30, NULL),
(379, 1, '2019-03-31', '11:00:00', '13:00:00', 5, NULL, 30, NULL),
(380, 1, '2019-03-31', '18:00:00', '20:00:00', 5, NULL, 30, NULL),
(381, 1, '2019-03-24', '11:00:00', '13:00:00', 5, 'a:6:{i:1;s:2:\"on\";i:2;s:2:\"on\";i:3;s:2:\"on\";i:4;s:2:\"on\";i:5;s:2:\"on\";i:6;s:2:\"on\";}', 31, NULL),
(382, 1, '2019-03-24', '18:00:00', '20:00:00', 5, 'a:6:{i:1;s:2:\"on\";i:2;s:2:\"on\";i:3;s:2:\"on\";i:4;s:2:\"on\";i:5;s:2:\"on\";i:6;s:2:\"on\";}', 31, NULL),
(383, 1, '2019-03-24', '11:00:00', '13:00:00', 5, 'a:6:{i:1;s:2:\"on\";i:2;s:2:\"on\";i:3;s:2:\"on\";i:4;s:2:\"on\";i:5;s:2:\"on\";i:6;s:2:\"on\";}', 31, NULL),
(384, 1, '2019-03-24', '18:00:00', '20:00:00', 5, 'a:6:{i:1;s:2:\"on\";i:2;s:2:\"on\";i:3;s:2:\"on\";i:4;s:2:\"on\";i:5;s:2:\"on\";i:6;s:2:\"on\";}', 31, NULL),
(385, 1, '2019-03-25', '11:00:00', '13:00:00', 5, 'a:6:{i:1;s:2:\"on\";i:2;s:2:\"on\";i:3;s:2:\"on\";i:4;s:2:\"on\";i:5;s:2:\"on\";i:6;s:2:\"on\";}', 31, NULL),
(386, 1, '2019-03-25', '18:00:00', '20:00:00', 5, 'a:6:{i:1;s:2:\"on\";i:2;s:2:\"on\";i:3;s:2:\"on\";i:4;s:2:\"on\";i:5;s:2:\"on\";i:6;s:2:\"on\";}', 31, NULL),
(387, 1, '2019-03-26', '11:00:00', '13:00:00', 5, 'a:6:{i:1;s:2:\"on\";i:2;s:2:\"on\";i:3;s:2:\"on\";i:4;s:2:\"on\";i:5;s:2:\"on\";i:6;s:2:\"on\";}', 31, NULL),
(388, 1, '2019-03-26', '18:00:00', '20:00:00', 5, 'a:6:{i:1;s:2:\"on\";i:2;s:2:\"on\";i:3;s:2:\"on\";i:4;s:2:\"on\";i:5;s:2:\"on\";i:6;s:2:\"on\";}', 31, NULL),
(389, 1, '2019-03-27', '11:00:00', '13:00:00', 5, 'a:6:{i:1;s:2:\"on\";i:2;s:2:\"on\";i:3;s:2:\"on\";i:4;s:2:\"on\";i:5;s:2:\"on\";i:6;s:2:\"on\";}', 31, NULL),
(390, 1, '2019-03-27', '18:00:00', '20:00:00', 5, 'a:6:{i:1;s:2:\"on\";i:2;s:2:\"on\";i:3;s:2:\"on\";i:4;s:2:\"on\";i:5;s:2:\"on\";i:6;s:2:\"on\";}', 31, NULL),
(391, 1, '2019-03-28', '11:00:00', '13:00:00', 5, 'a:6:{i:1;s:2:\"on\";i:2;s:2:\"on\";i:3;s:2:\"on\";i:4;s:2:\"on\";i:5;s:2:\"on\";i:6;s:2:\"on\";}', 31, NULL),
(392, 1, '2019-03-28', '18:00:00', '20:00:00', 5, 'a:6:{i:1;s:2:\"on\";i:2;s:2:\"on\";i:3;s:2:\"on\";i:4;s:2:\"on\";i:5;s:2:\"on\";i:6;s:2:\"on\";}', 31, NULL),
(393, 1, '2019-03-29', '11:00:00', '13:00:00', 5, 'a:6:{i:1;s:2:\"on\";i:2;s:2:\"on\";i:3;s:2:\"on\";i:4;s:2:\"on\";i:5;s:2:\"on\";i:6;s:2:\"on\";}', 31, NULL),
(394, 1, '2019-03-29', '18:00:00', '20:00:00', 5, 'a:6:{i:1;s:2:\"on\";i:2;s:2:\"on\";i:3;s:2:\"on\";i:4;s:2:\"on\";i:5;s:2:\"on\";i:6;s:2:\"on\";}', 31, NULL),
(395, 1, '2019-03-30', '11:00:00', '13:00:00', 5, 'a:6:{i:1;s:2:\"on\";i:2;s:2:\"on\";i:3;s:2:\"on\";i:4;s:2:\"on\";i:5;s:2:\"on\";i:6;s:2:\"on\";}', 31, NULL),
(396, 1, '2019-03-30', '18:00:00', '20:00:00', 5, 'a:6:{i:1;s:2:\"on\";i:2;s:2:\"on\";i:3;s:2:\"on\";i:4;s:2:\"on\";i:5;s:2:\"on\";i:6;s:2:\"on\";}', 31, NULL),
(397, 1, '2019-03-31', '11:00:00', '13:00:00', 5, 'a:6:{i:1;s:2:\"on\";i:2;s:2:\"on\";i:3;s:2:\"on\";i:4;s:2:\"on\";i:5;s:2:\"on\";i:6;s:2:\"on\";}', 31, NULL),
(398, 1, '2019-03-31', '18:00:00', '20:00:00', 5, 'a:6:{i:1;s:2:\"on\";i:2;s:2:\"on\";i:3;s:2:\"on\";i:4;s:2:\"on\";i:5;s:2:\"on\";i:6;s:2:\"on\";}', 31, NULL),
(399, 1, '2019-03-24', '11:00:00', '13:00:00', 4, NULL, 32, NULL),
(400, 1, '2019-03-24', '18:00:00', '20:00:00', 4, NULL, 32, NULL),
(401, 1, '2019-04-11', '09:00:00', '11:00:00', 3, NULL, 33, NULL),
(402, 1, '2019-04-12', '09:00:00', '11:00:00', 3, NULL, 33, NULL),
(403, 1, '2019-04-13', '09:00:00', '11:00:00', 3, NULL, 33, NULL),
(404, 1, '2019-04-14', '09:00:00', '11:00:00', 3, NULL, 33, NULL),
(405, 1, '2019-04-15', '09:00:00', '11:00:00', 3, NULL, 33, NULL),
(406, 1, '2019-04-16', '09:00:00', '11:00:00', 3, NULL, 33, NULL),
(407, 1, '2019-04-17', '09:00:00', '11:00:00', 3, NULL, 33, NULL),
(408, 1, '2019-04-18', '09:00:00', '11:00:00', 3, NULL, 33, NULL),
(409, 1, '2018-10-08', '09:00:00', '11:00:00', 3, 'a:4:{i:5;s:2:\"on\";i:6;s:2:\"on\";i:7;s:2:\"on\";i:8;s:2:\"on\";}', 35, NULL),
(410, 1, '2018-10-08', '14:00:00', '16:00:00', 3, 'a:4:{i:5;s:2:\"on\";i:6;s:2:\"on\";i:7;s:2:\"on\";i:8;s:2:\"on\";}', 35, NULL),
(411, 1, '2018-10-08', '09:00:00', '11:00:00', 3, 'a:4:{i:5;s:2:\"on\";i:6;s:2:\"on\";i:7;s:2:\"on\";i:8;s:2:\"on\";}', 35, '2018-10-04'),
(412, 1, '2018-10-08', '14:00:00', '16:00:00', 3, 'a:4:{i:5;s:2:\"on\";i:6;s:2:\"on\";i:7;s:2:\"on\";i:8;s:2:\"on\";}', 35, '2018-10-04'),
(413, 1, '2018-10-09', '09:00:00', '11:00:00', 3, 'a:4:{i:5;s:2:\"on\";i:6;s:2:\"on\";i:7;s:2:\"on\";i:8;s:2:\"on\";}', 35, NULL),
(414, 1, '2018-10-09', '14:00:00', '16:00:00', 3, 'a:4:{i:5;s:2:\"on\";i:6;s:2:\"on\";i:7;s:2:\"on\";i:8;s:2:\"on\";}', 35, NULL),
(415, 1, '2018-10-10', '09:00:00', '11:00:00', 3, 'a:4:{i:5;s:2:\"on\";i:6;s:2:\"on\";i:7;s:2:\"on\";i:8;s:2:\"on\";}', 35, NULL),
(416, 1, '2018-10-10', '14:00:00', '16:00:00', 3, 'a:4:{i:5;s:2:\"on\";i:6;s:2:\"on\";i:7;s:2:\"on\";i:8;s:2:\"on\";}', 35, NULL),
(417, 1, '2018-10-11', '09:00:00', '11:00:00', 3, 'a:4:{i:5;s:2:\"on\";i:6;s:2:\"on\";i:7;s:2:\"on\";i:8;s:2:\"on\";}', 35, NULL),
(418, 1, '2018-10-11', '14:00:00', '16:00:00', 3, 'a:4:{i:5;s:2:\"on\";i:6;s:2:\"on\";i:7;s:2:\"on\";i:8;s:2:\"on\";}', 35, NULL),
(419, 1, '2018-10-12', '09:00:00', '11:00:00', 3, 'a:4:{i:5;s:2:\"on\";i:6;s:2:\"on\";i:7;s:2:\"on\";i:8;s:2:\"on\";}', 35, NULL),
(420, 1, '2018-10-12', '14:00:00', '16:00:00', 3, 'a:4:{i:5;s:2:\"on\";i:6;s:2:\"on\";i:7;s:2:\"on\";i:8;s:2:\"on\";}', 35, NULL),
(421, 1, '2018-10-13', '09:00:00', '11:00:00', 3, 'a:4:{i:5;s:2:\"on\";i:6;s:2:\"on\";i:7;s:2:\"on\";i:8;s:2:\"on\";}', 35, NULL),
(422, 1, '2018-10-13', '14:00:00', '16:00:00', 3, 'a:4:{i:5;s:2:\"on\";i:6;s:2:\"on\";i:7;s:2:\"on\";i:8;s:2:\"on\";}', 35, NULL),
(423, 1, '2018-10-14', '09:00:00', '11:00:00', 3, 'a:4:{i:5;s:2:\"on\";i:6;s:2:\"on\";i:7;s:2:\"on\";i:8;s:2:\"on\";}', 35, NULL),
(424, 1, '2018-10-14', '14:00:00', '16:00:00', 3, 'a:4:{i:5;s:2:\"on\";i:6;s:2:\"on\";i:7;s:2:\"on\";i:8;s:2:\"on\";}', 35, NULL),
(425, 1, '2018-10-15', '09:00:00', '11:00:00', 3, 'a:4:{i:5;s:2:\"on\";i:6;s:2:\"on\";i:7;s:2:\"on\";i:8;s:2:\"on\";}', 35, NULL),
(426, 1, '2018-10-15', '14:00:00', '16:00:00', 3, 'a:4:{i:5;s:2:\"on\";i:6;s:2:\"on\";i:7;s:2:\"on\";i:8;s:2:\"on\";}', 35, NULL),
(427, 1, '2018-10-16', '09:00:00', '11:00:00', 3, 'a:4:{i:5;s:2:\"on\";i:6;s:2:\"on\";i:7;s:2:\"on\";i:8;s:2:\"on\";}', 35, NULL),
(428, 1, '2018-10-16', '14:00:00', '16:00:00', 3, 'a:4:{i:5;s:2:\"on\";i:6;s:2:\"on\";i:7;s:2:\"on\";i:8;s:2:\"on\";}', 35, NULL),
(429, 1, '2018-10-17', '09:00:00', '11:00:00', 3, 'a:4:{i:5;s:2:\"on\";i:6;s:2:\"on\";i:7;s:2:\"on\";i:8;s:2:\"on\";}', 35, NULL),
(430, 1, '2018-10-17', '14:00:00', '16:00:00', 3, 'a:4:{i:5;s:2:\"on\";i:6;s:2:\"on\";i:7;s:2:\"on\";i:8;s:2:\"on\";}', 35, NULL),
(431, 1, '2018-10-18', '09:00:00', '11:00:00', 3, 'a:4:{i:5;s:2:\"on\";i:6;s:2:\"on\";i:7;s:2:\"on\";i:8;s:2:\"on\";}', 35, NULL),
(432, 1, '2018-10-18', '14:00:00', '16:00:00', 3, 'a:4:{i:5;s:2:\"on\";i:6;s:2:\"on\";i:7;s:2:\"on\";i:8;s:2:\"on\";}', 35, NULL),
(433, 1, '2018-10-19', '09:00:00', '11:00:00', 3, 'a:4:{i:5;s:2:\"on\";i:6;s:2:\"on\";i:7;s:2:\"on\";i:8;s:2:\"on\";}', 35, NULL),
(434, 1, '2018-10-19', '14:00:00', '16:00:00', 3, 'a:4:{i:5;s:2:\"on\";i:6;s:2:\"on\";i:7;s:2:\"on\";i:8;s:2:\"on\";}', 35, NULL),
(435, 1, '2018-10-20', '09:00:00', '11:00:00', 3, 'a:4:{i:5;s:2:\"on\";i:6;s:2:\"on\";i:7;s:2:\"on\";i:8;s:2:\"on\";}', 35, NULL),
(436, 1, '2018-10-20', '14:00:00', '16:00:00', 3, 'a:4:{i:5;s:2:\"on\";i:6;s:2:\"on\";i:7;s:2:\"on\";i:8;s:2:\"on\";}', 35, NULL),
(437, 1, '2018-10-21', '09:00:00', '11:00:00', 3, 'a:4:{i:5;s:2:\"on\";i:6;s:2:\"on\";i:7;s:2:\"on\";i:8;s:2:\"on\";}', 35, NULL),
(438, 1, '2018-10-21', '14:00:00', '16:00:00', 3, 'a:4:{i:5;s:2:\"on\";i:6;s:2:\"on\";i:7;s:2:\"on\";i:8;s:2:\"on\";}', 35, NULL),
(439, 1, '2018-10-22', '09:00:00', '11:00:00', 3, 'a:4:{i:5;s:2:\"on\";i:6;s:2:\"on\";i:7;s:2:\"on\";i:8;s:2:\"on\";}', 35, NULL),
(440, 1, '2018-10-22', '14:00:00', '16:00:00', 3, 'a:4:{i:5;s:2:\"on\";i:6;s:2:\"on\";i:7;s:2:\"on\";i:8;s:2:\"on\";}', 35, NULL),
(441, 1, '2019-04-11', '09:00:00', '11:00:00', 3, NULL, 36, NULL),
(442, 1, '2019-04-11', '16:00:00', '18:00:00', 3, NULL, 36, NULL),
(443, 1, '2019-04-11', '09:00:00', '11:00:00', 3, NULL, 36, NULL),
(444, 1, '2019-04-11', '16:00:00', '18:00:00', 3, NULL, 36, NULL),
(445, 1, '2019-04-12', '09:00:00', '11:00:00', 3, NULL, 36, NULL),
(446, 1, '2019-04-12', '16:00:00', '18:00:00', 3, NULL, 36, NULL),
(447, 1, '2019-04-13', '09:00:00', '11:00:00', 3, NULL, 36, NULL),
(448, 1, '2019-04-13', '16:00:00', '18:00:00', 3, NULL, 36, NULL),
(449, 1, '2019-04-14', '09:00:00', '11:00:00', 3, NULL, 36, NULL),
(450, 1, '2019-04-14', '16:00:00', '18:00:00', 3, NULL, 36, NULL),
(451, 1, '2019-04-15', '09:00:00', '11:00:00', 3, NULL, 36, NULL),
(452, 1, '2019-04-15', '16:00:00', '18:00:00', 3, NULL, 36, NULL),
(453, 1, '2019-04-16', '09:00:00', '11:00:00', 3, NULL, 36, NULL),
(454, 1, '2019-04-16', '16:00:00', '18:00:00', 3, NULL, 36, NULL),
(455, 1, '2019-04-17', '09:00:00', '11:00:00', 3, NULL, 36, NULL),
(456, 1, '2019-04-17', '16:00:00', '18:00:00', 3, NULL, 36, NULL),
(457, 1, '2019-04-18', '09:00:00', '11:00:00', 3, NULL, 36, NULL),
(458, 1, '2019-04-18', '16:00:00', '18:00:00', 3, NULL, 36, NULL),
(459, 1, '2019-04-11', '09:00:00', '11:00:00', 3, 'a:4:{i:1;s:2:\"on\";i:2;s:2:\"on\";i:3;s:2:\"on\";i:4;s:2:\"on\";}', 37, NULL),
(460, 1, '2019-04-11', '16:00:00', '18:00:00', 3, 'a:4:{i:1;s:2:\"on\";i:2;s:2:\"on\";i:3;s:2:\"on\";i:4;s:2:\"on\";}', 37, NULL),
(461, 1, '2019-04-11', '09:00:00', '11:00:00', 3, 'a:4:{i:1;s:2:\"on\";i:2;s:2:\"on\";i:3;s:2:\"on\";i:4;s:2:\"on\";}', 37, NULL),
(462, 1, '2019-04-11', '16:00:00', '18:00:00', 3, 'a:4:{i:1;s:2:\"on\";i:2;s:2:\"on\";i:3;s:2:\"on\";i:4;s:2:\"on\";}', 37, NULL),
(463, 1, '2019-04-12', '09:00:00', '11:00:00', 3, 'a:4:{i:1;s:2:\"on\";i:2;s:2:\"on\";i:3;s:2:\"on\";i:4;s:2:\"on\";}', 37, NULL),
(464, 1, '2019-04-12', '16:00:00', '18:00:00', 3, 'a:4:{i:1;s:2:\"on\";i:2;s:2:\"on\";i:3;s:2:\"on\";i:4;s:2:\"on\";}', 37, NULL),
(465, 1, '2019-04-13', '09:00:00', '11:00:00', 3, 'a:4:{i:1;s:2:\"on\";i:2;s:2:\"on\";i:3;s:2:\"on\";i:4;s:2:\"on\";}', 37, NULL),
(466, 1, '2019-04-13', '16:00:00', '18:00:00', 3, 'a:4:{i:1;s:2:\"on\";i:2;s:2:\"on\";i:3;s:2:\"on\";i:4;s:2:\"on\";}', 37, NULL),
(467, 1, '2019-04-14', '09:00:00', '11:00:00', 3, 'a:4:{i:1;s:2:\"on\";i:2;s:2:\"on\";i:3;s:2:\"on\";i:4;s:2:\"on\";}', 37, NULL),
(468, 1, '2019-04-14', '16:00:00', '18:00:00', 3, 'a:4:{i:1;s:2:\"on\";i:2;s:2:\"on\";i:3;s:2:\"on\";i:4;s:2:\"on\";}', 37, NULL),
(469, 1, '2019-04-15', '09:00:00', '11:00:00', 3, 'a:4:{i:1;s:2:\"on\";i:2;s:2:\"on\";i:3;s:2:\"on\";i:4;s:2:\"on\";}', 37, NULL),
(470, 1, '2019-04-15', '16:00:00', '18:00:00', 3, 'a:4:{i:1;s:2:\"on\";i:2;s:2:\"on\";i:3;s:2:\"on\";i:4;s:2:\"on\";}', 37, NULL),
(471, 1, '2019-04-16', '09:00:00', '11:00:00', 3, 'a:4:{i:1;s:2:\"on\";i:2;s:2:\"on\";i:3;s:2:\"on\";i:4;s:2:\"on\";}', 37, NULL),
(472, 1, '2019-04-16', '16:00:00', '18:00:00', 3, 'a:4:{i:1;s:2:\"on\";i:2;s:2:\"on\";i:3;s:2:\"on\";i:4;s:2:\"on\";}', 37, NULL),
(473, 1, '2019-04-17', '09:00:00', '11:00:00', 3, 'a:4:{i:1;s:2:\"on\";i:2;s:2:\"on\";i:3;s:2:\"on\";i:4;s:2:\"on\";}', 37, NULL),
(474, 1, '2019-04-17', '16:00:00', '18:00:00', 3, 'a:4:{i:1;s:2:\"on\";i:2;s:2:\"on\";i:3;s:2:\"on\";i:4;s:2:\"on\";}', 37, NULL),
(475, 1, '2019-04-18', '09:00:00', '11:00:00', 3, 'a:4:{i:1;s:2:\"on\";i:2;s:2:\"on\";i:3;s:2:\"on\";i:4;s:2:\"on\";}', 37, NULL),
(476, 1, '2019-04-18', '16:00:00', '18:00:00', 3, 'a:4:{i:1;s:2:\"on\";i:2;s:2:\"on\";i:3;s:2:\"on\";i:4;s:2:\"on\";}', 37, NULL),
(477, 1, '2019-04-17', '07:00:00', '09:00:00', 4, 'a:5:{i:1;s:2:\"on\";i:2;s:2:\"on\";i:3;s:2:\"on\";i:4;s:2:\"on\";i:5;s:2:\"on\";}', 38, NULL),
(478, 1, '2019-04-17', '14:00:00', '16:00:00', 4, 'a:5:{i:1;s:2:\"on\";i:2;s:2:\"on\";i:3;s:2:\"on\";i:4;s:2:\"on\";i:5;s:2:\"on\";}', 38, NULL),
(479, 1, '2019-04-17', '07:00:00', '09:00:00', 4, 'a:5:{i:1;s:2:\"on\";i:2;s:2:\"on\";i:3;s:2:\"on\";i:4;s:2:\"on\";i:5;s:2:\"on\";}', 38, NULL),
(480, 1, '2019-04-17', '14:00:00', '16:00:00', 4, 'a:5:{i:1;s:2:\"on\";i:2;s:2:\"on\";i:3;s:2:\"on\";i:4;s:2:\"on\";i:5;s:2:\"on\";}', 38, NULL),
(481, 1, '2019-04-18', '07:00:00', '09:00:00', 4, 'a:5:{i:1;s:2:\"on\";i:2;s:2:\"on\";i:3;s:2:\"on\";i:4;s:2:\"on\";i:5;s:2:\"on\";}', 38, NULL),
(482, 1, '2019-04-18', '14:00:00', '16:00:00', 4, 'a:5:{i:1;s:2:\"on\";i:2;s:2:\"on\";i:3;s:2:\"on\";i:4;s:2:\"on\";i:5;s:2:\"on\";}', 38, NULL),
(483, 1, '2019-04-19', '07:00:00', '09:00:00', 4, 'a:5:{i:1;s:2:\"on\";i:2;s:2:\"on\";i:3;s:2:\"on\";i:4;s:2:\"on\";i:5;s:2:\"on\";}', 38, NULL),
(484, 1, '2019-04-19', '14:00:00', '16:00:00', 4, 'a:5:{i:1;s:2:\"on\";i:2;s:2:\"on\";i:3;s:2:\"on\";i:4;s:2:\"on\";i:5;s:2:\"on\";}', 38, NULL),
(485, 1, '2019-04-20', '07:00:00', '09:00:00', 4, 'a:5:{i:1;s:2:\"on\";i:2;s:2:\"on\";i:3;s:2:\"on\";i:4;s:2:\"on\";i:5;s:2:\"on\";}', 38, NULL),
(486, 1, '2019-04-20', '14:00:00', '16:00:00', 4, 'a:5:{i:1;s:2:\"on\";i:2;s:2:\"on\";i:3;s:2:\"on\";i:4;s:2:\"on\";i:5;s:2:\"on\";}', 38, NULL),
(487, 1, '2019-04-21', '07:00:00', '09:00:00', 4, 'a:5:{i:1;s:2:\"on\";i:2;s:2:\"on\";i:3;s:2:\"on\";i:4;s:2:\"on\";i:5;s:2:\"on\";}', 38, NULL),
(488, 1, '2019-04-21', '14:00:00', '16:00:00', 4, 'a:5:{i:1;s:2:\"on\";i:2;s:2:\"on\";i:3;s:2:\"on\";i:4;s:2:\"on\";i:5;s:2:\"on\";}', 38, NULL),
(489, 1, '2019-04-22', '07:00:00', '09:00:00', 4, 'a:5:{i:1;s:2:\"on\";i:2;s:2:\"on\";i:3;s:2:\"on\";i:4;s:2:\"on\";i:5;s:2:\"on\";}', 38, NULL),
(490, 1, '2019-04-22', '14:00:00', '16:00:00', 4, 'a:5:{i:1;s:2:\"on\";i:2;s:2:\"on\";i:3;s:2:\"on\";i:4;s:2:\"on\";i:5;s:2:\"on\";}', 38, NULL),
(491, 1, '2019-04-23', '07:00:00', '09:00:00', 4, 'a:5:{i:1;s:2:\"on\";i:2;s:2:\"on\";i:3;s:2:\"on\";i:4;s:2:\"on\";i:5;s:2:\"on\";}', 38, NULL),
(492, 1, '2019-04-23', '14:00:00', '16:00:00', 4, 'a:5:{i:1;s:2:\"on\";i:2;s:2:\"on\";i:3;s:2:\"on\";i:4;s:2:\"on\";i:5;s:2:\"on\";}', 38, NULL),
(493, 1, '2019-04-24', '07:00:00', '09:00:00', 4, 'a:5:{i:1;s:2:\"on\";i:2;s:2:\"on\";i:3;s:2:\"on\";i:4;s:2:\"on\";i:5;s:2:\"on\";}', 38, NULL),
(494, 1, '2019-04-24', '14:00:00', '16:00:00', 4, 'a:5:{i:1;s:2:\"on\";i:2;s:2:\"on\";i:3;s:2:\"on\";i:4;s:2:\"on\";i:5;s:2:\"on\";}', 38, NULL),
(495, 1, '2019-04-25', '07:00:00', '09:00:00', 4, 'a:5:{i:1;s:2:\"on\";i:2;s:2:\"on\";i:3;s:2:\"on\";i:4;s:2:\"on\";i:5;s:2:\"on\";}', 38, NULL),
(496, 1, '2019-04-25', '14:00:00', '16:00:00', 4, 'a:5:{i:1;s:2:\"on\";i:2;s:2:\"on\";i:3;s:2:\"on\";i:4;s:2:\"on\";i:5;s:2:\"on\";}', 38, NULL),
(497, 1, '2019-04-26', '07:00:00', '09:00:00', 4, 'a:5:{i:1;s:2:\"on\";i:2;s:2:\"on\";i:3;s:2:\"on\";i:4;s:2:\"on\";i:5;s:2:\"on\";}', 38, NULL),
(498, 1, '2019-04-26', '14:00:00', '16:00:00', 4, 'a:5:{i:1;s:2:\"on\";i:2;s:2:\"on\";i:3;s:2:\"on\";i:4;s:2:\"on\";i:5;s:2:\"on\";}', 38, NULL),
(499, 1, '2019-04-27', '07:00:00', '09:00:00', 4, 'a:5:{i:1;s:2:\"on\";i:2;s:2:\"on\";i:3;s:2:\"on\";i:4;s:2:\"on\";i:5;s:2:\"on\";}', 38, NULL),
(500, 1, '2019-04-27', '14:00:00', '16:00:00', 4, 'a:5:{i:1;s:2:\"on\";i:2;s:2:\"on\";i:3;s:2:\"on\";i:4;s:2:\"on\";i:5;s:2:\"on\";}', 38, NULL),
(501, 1, '2019-04-28', '07:00:00', '09:00:00', 4, 'a:5:{i:1;s:2:\"on\";i:2;s:2:\"on\";i:3;s:2:\"on\";i:4;s:2:\"on\";i:5;s:2:\"on\";}', 38, NULL),
(502, 1, '2019-04-28', '14:00:00', '16:00:00', 4, 'a:5:{i:1;s:2:\"on\";i:2;s:2:\"on\";i:3;s:2:\"on\";i:4;s:2:\"on\";i:5;s:2:\"on\";}', 38, NULL),
(503, 1, '2019-04-29', '07:00:00', '09:00:00', 4, 'a:5:{i:1;s:2:\"on\";i:2;s:2:\"on\";i:3;s:2:\"on\";i:4;s:2:\"on\";i:5;s:2:\"on\";}', 38, NULL),
(504, 1, '2019-04-29', '14:00:00', '16:00:00', 4, 'a:5:{i:1;s:2:\"on\";i:2;s:2:\"on\";i:3;s:2:\"on\";i:4;s:2:\"on\";i:5;s:2:\"on\";}', 38, NULL),
(505, 1, '2019-04-14', '07:00:00', '09:00:00', 2, 'a:3:{i:6;s:2:\"on\";i:7;s:2:\"on\";i:8;s:2:\"on\";}', 39, '2018-10-04'),
(506, 1, '2019-04-14', '14:00:00', '16:00:00', 2, 'a:3:{i:6;s:2:\"on\";i:7;s:2:\"on\";i:8;s:2:\"on\";}', 39, NULL),
(507, 1, '2019-04-14', '07:00:00', '09:00:00', 2, 'a:3:{i:6;s:2:\"on\";i:7;s:2:\"on\";i:8;s:2:\"on\";}', 39, NULL),
(508, 1, '2019-04-14', '14:00:00', '16:00:00', 2, 'a:3:{i:6;s:2:\"on\";i:7;s:2:\"on\";i:8;s:2:\"on\";}', 39, '2018-10-04'),
(509, 1, '2019-04-15', '07:00:00', '09:00:00', 2, 'a:3:{i:6;s:2:\"on\";i:7;s:2:\"on\";i:8;s:2:\"on\";}', 39, NULL),
(510, 1, '2019-04-15', '14:00:00', '16:00:00', 2, 'a:3:{i:6;s:2:\"on\";i:7;s:2:\"on\";i:8;s:2:\"on\";}', 39, NULL),
(511, 1, '2019-04-16', '07:00:00', '09:00:00', 2, 'a:3:{i:6;s:2:\"on\";i:7;s:2:\"on\";i:8;s:2:\"on\";}', 39, NULL),
(512, 1, '2019-04-16', '14:00:00', '16:00:00', 2, 'a:3:{i:6;s:2:\"on\";i:7;s:2:\"on\";i:8;s:2:\"on\";}', 39, NULL),
(513, 1, '2019-04-17', '07:00:00', '09:00:00', 2, 'a:3:{i:6;s:2:\"on\";i:7;s:2:\"on\";i:8;s:2:\"on\";}', 39, NULL),
(514, 1, '2019-04-17', '14:00:00', '16:00:00', 2, 'a:3:{i:6;s:2:\"on\";i:7;s:2:\"on\";i:8;s:2:\"on\";}', 39, NULL),
(515, 1, '2019-04-18', '07:00:00', '09:00:00', 2, 'a:3:{i:6;s:2:\"on\";i:7;s:2:\"on\";i:8;s:2:\"on\";}', 39, NULL),
(516, 1, '2019-04-18', '14:00:00', '16:00:00', 2, 'a:3:{i:6;s:2:\"on\";i:7;s:2:\"on\";i:8;s:2:\"on\";}', 39, NULL),
(517, 1, '2019-04-19', '07:00:00', '09:00:00', 2, 'a:3:{i:6;s:2:\"on\";i:7;s:2:\"on\";i:8;s:2:\"on\";}', 39, NULL),
(518, 1, '2019-04-19', '14:00:00', '16:00:00', 2, 'a:3:{i:6;s:2:\"on\";i:7;s:2:\"on\";i:8;s:2:\"on\";}', 39, NULL),
(519, 1, '2019-04-20', '07:00:00', '09:00:00', 2, 'a:3:{i:6;s:2:\"on\";i:7;s:2:\"on\";i:8;s:2:\"on\";}', 39, NULL),
(520, 1, '2019-04-20', '14:00:00', '16:00:00', 2, 'a:3:{i:6;s:2:\"on\";i:7;s:2:\"on\";i:8;s:2:\"on\";}', 39, NULL),
(521, 1, '2019-04-15', '09:00:00', '11:00:00', 3, 'a:4:{i:5;s:2:\"on\";i:6;s:2:\"on\";i:7;s:2:\"on\";i:8;s:2:\"on\";}', 40, NULL),
(522, 1, '2019-04-15', '16:00:00', '18:00:00', 3, 'a:4:{i:5;s:2:\"on\";i:6;s:2:\"on\";i:7;s:2:\"on\";i:8;s:2:\"on\";}', 40, NULL),
(523, 1, '2019-04-16', '09:00:00', '11:00:00', 3, 'a:4:{i:5;s:2:\"on\";i:6;s:2:\"on\";i:7;s:2:\"on\";i:8;s:2:\"on\";}', 40, NULL),
(524, 1, '2019-04-16', '16:00:00', '18:00:00', 3, 'a:4:{i:5;s:2:\"on\";i:6;s:2:\"on\";i:7;s:2:\"on\";i:8;s:2:\"on\";}', 40, NULL),
(525, 1, '2019-04-17', '09:00:00', '11:00:00', 3, 'a:4:{i:5;s:2:\"on\";i:6;s:2:\"on\";i:7;s:2:\"on\";i:8;s:2:\"on\";}', 40, NULL),
(526, 1, '2019-04-17', '16:00:00', '18:00:00', 3, 'a:4:{i:5;s:2:\"on\";i:6;s:2:\"on\";i:7;s:2:\"on\";i:8;s:2:\"on\";}', 40, NULL),
(527, 1, '2019-04-18', '09:00:00', '11:00:00', 3, 'a:4:{i:5;s:2:\"on\";i:6;s:2:\"on\";i:7;s:2:\"on\";i:8;s:2:\"on\";}', 40, NULL),
(528, 1, '2019-04-18', '16:00:00', '18:00:00', 3, 'a:4:{i:5;s:2:\"on\";i:6;s:2:\"on\";i:7;s:2:\"on\";i:8;s:2:\"on\";}', 40, NULL),
(529, 1, '2019-04-19', '09:00:00', '11:00:00', 3, 'a:4:{i:5;s:2:\"on\";i:6;s:2:\"on\";i:7;s:2:\"on\";i:8;s:2:\"on\";}', 40, NULL),
(530, 1, '2019-04-19', '16:00:00', '18:00:00', 3, 'a:4:{i:5;s:2:\"on\";i:6;s:2:\"on\";i:7;s:2:\"on\";i:8;s:2:\"on\";}', 40, NULL),
(531, 1, '2019-04-20', '09:00:00', '11:00:00', 3, 'a:4:{i:5;s:2:\"on\";i:6;s:2:\"on\";i:7;s:2:\"on\";i:8;s:2:\"on\";}', 40, NULL),
(532, 1, '2019-04-20', '16:00:00', '18:00:00', 3, 'a:4:{i:5;s:2:\"on\";i:6;s:2:\"on\";i:7;s:2:\"on\";i:8;s:2:\"on\";}', 40, NULL),
(533, 1, '2019-04-21', '09:00:00', '11:00:00', 3, 'a:4:{i:5;s:2:\"on\";i:6;s:2:\"on\";i:7;s:2:\"on\";i:8;s:2:\"on\";}', 40, NULL),
(534, 1, '2019-04-21', '16:00:00', '18:00:00', 3, 'a:4:{i:5;s:2:\"on\";i:6;s:2:\"on\";i:7;s:2:\"on\";i:8;s:2:\"on\";}', 40, NULL),
(535, 1, '2019-04-22', '09:00:00', '11:00:00', 3, 'a:4:{i:5;s:2:\"on\";i:6;s:2:\"on\";i:7;s:2:\"on\";i:8;s:2:\"on\";}', 40, NULL),
(536, 1, '2019-04-22', '16:00:00', '18:00:00', 3, 'a:4:{i:5;s:2:\"on\";i:6;s:2:\"on\";i:7;s:2:\"on\";i:8;s:2:\"on\";}', 40, NULL),
(537, 1, '2019-04-23', '09:00:00', '11:00:00', 3, 'a:4:{i:5;s:2:\"on\";i:6;s:2:\"on\";i:7;s:2:\"on\";i:8;s:2:\"on\";}', 40, NULL),
(538, 1, '2019-04-23', '16:00:00', '18:00:00', 3, 'a:4:{i:5;s:2:\"on\";i:6;s:2:\"on\";i:7;s:2:\"on\";i:8;s:2:\"on\";}', 40, NULL),
(539, 1, '2019-04-24', '09:00:00', '11:00:00', 3, 'a:4:{i:5;s:2:\"on\";i:6;s:2:\"on\";i:7;s:2:\"on\";i:8;s:2:\"on\";}', 40, NULL),
(540, 1, '2019-04-24', '16:00:00', '18:00:00', 3, 'a:4:{i:5;s:2:\"on\";i:6;s:2:\"on\";i:7;s:2:\"on\";i:8;s:2:\"on\";}', 40, NULL),
(541, 1, '2019-04-25', '09:00:00', '11:00:00', 3, 'a:4:{i:5;s:2:\"on\";i:6;s:2:\"on\";i:7;s:2:\"on\";i:8;s:2:\"on\";}', 40, NULL),
(542, 1, '2019-04-25', '16:00:00', '18:00:00', 3, 'a:4:{i:5;s:2:\"on\";i:6;s:2:\"on\";i:7;s:2:\"on\";i:8;s:2:\"on\";}', 40, NULL),
(543, 1, '2019-04-26', '09:00:00', '11:00:00', 3, 'a:4:{i:5;s:2:\"on\";i:6;s:2:\"on\";i:7;s:2:\"on\";i:8;s:2:\"on\";}', 40, NULL);
INSERT INTO `schedule` (`id`, `facility_id`, `date`, `time_from`, `time_to`, `parts`, `lanes`, `account_id`, `deleted`) VALUES
(544, 1, '2019-04-26', '16:00:00', '18:00:00', 3, 'a:4:{i:5;s:2:\"on\";i:6;s:2:\"on\";i:7;s:2:\"on\";i:8;s:2:\"on\";}', 40, NULL),
(545, 1, '2019-04-27', '09:00:00', '11:00:00', 3, 'a:4:{i:5;s:2:\"on\";i:6;s:2:\"on\";i:7;s:2:\"on\";i:8;s:2:\"on\";}', 40, NULL),
(546, 1, '2019-04-27', '16:00:00', '18:00:00', 3, 'a:4:{i:5;s:2:\"on\";i:6;s:2:\"on\";i:7;s:2:\"on\";i:8;s:2:\"on\";}', 40, NULL),
(547, 1, '2019-04-28', '09:00:00', '11:00:00', 3, 'a:4:{i:5;s:2:\"on\";i:6;s:2:\"on\";i:7;s:2:\"on\";i:8;s:2:\"on\";}', 40, NULL),
(548, 1, '2019-04-28', '16:00:00', '18:00:00', 3, 'a:4:{i:5;s:2:\"on\";i:6;s:2:\"on\";i:7;s:2:\"on\";i:8;s:2:\"on\";}', 40, NULL),
(549, 1, '2019-04-29', '09:00:00', '11:00:00', 3, 'a:4:{i:5;s:2:\"on\";i:6;s:2:\"on\";i:7;s:2:\"on\";i:8;s:2:\"on\";}', 40, NULL),
(550, 1, '2019-04-29', '16:00:00', '18:00:00', 3, 'a:4:{i:5;s:2:\"on\";i:6;s:2:\"on\";i:7;s:2:\"on\";i:8;s:2:\"on\";}', 40, NULL),
(551, 1, '2019-04-30', '09:00:00', '11:00:00', 3, 'a:4:{i:5;s:2:\"on\";i:6;s:2:\"on\";i:7;s:2:\"on\";i:8;s:2:\"on\";}', 40, NULL),
(552, 1, '2019-04-30', '16:00:00', '18:00:00', 3, 'a:4:{i:5;s:2:\"on\";i:6;s:2:\"on\";i:7;s:2:\"on\";i:8;s:2:\"on\";}', 40, NULL),
(553, 1, '2019-05-01', '09:00:00', '11:00:00', 3, 'a:4:{i:5;s:2:\"on\";i:6;s:2:\"on\";i:7;s:2:\"on\";i:8;s:2:\"on\";}', 40, NULL),
(554, 1, '2019-05-01', '16:00:00', '18:00:00', 3, 'a:4:{i:5;s:2:\"on\";i:6;s:2:\"on\";i:7;s:2:\"on\";i:8;s:2:\"on\";}', 40, NULL),
(555, 1, '2019-05-02', '09:00:00', '11:00:00', 3, 'a:4:{i:5;s:2:\"on\";i:6;s:2:\"on\";i:7;s:2:\"on\";i:8;s:2:\"on\";}', 40, NULL),
(556, 1, '2019-05-02', '16:00:00', '18:00:00', 3, 'a:4:{i:5;s:2:\"on\";i:6;s:2:\"on\";i:7;s:2:\"on\";i:8;s:2:\"on\";}', 40, NULL),
(557, 1, '2018-10-10', '09:00:00', '11:00:00', 3, 'a:4:{i:1;s:2:\"on\";i:2;s:2:\"on\";i:3;s:2:\"on\";i:4;s:2:\"on\";}', 41, NULL),
(558, 1, '2018-10-10', '14:00:00', '16:00:00', 3, 'a:4:{i:1;s:2:\"on\";i:2;s:2:\"on\";i:3;s:2:\"on\";i:4;s:2:\"on\";}', 41, NULL),
(559, 1, '2018-10-10', '09:00:00', '11:00:00', 3, 'a:4:{i:1;s:2:\"on\";i:2;s:2:\"on\";i:3;s:2:\"on\";i:4;s:2:\"on\";}', 41, NULL),
(560, 1, '2018-10-10', '14:00:00', '16:00:00', 3, 'a:4:{i:1;s:2:\"on\";i:2;s:2:\"on\";i:3;s:2:\"on\";i:4;s:2:\"on\";}', 41, NULL),
(561, 1, '2018-10-11', '09:00:00', '11:00:00', 3, 'a:4:{i:1;s:2:\"on\";i:2;s:2:\"on\";i:3;s:2:\"on\";i:4;s:2:\"on\";}', 41, NULL),
(562, 1, '2018-10-11', '14:00:00', '16:00:00', 3, 'a:4:{i:1;s:2:\"on\";i:2;s:2:\"on\";i:3;s:2:\"on\";i:4;s:2:\"on\";}', 41, NULL),
(563, 1, '2018-10-12', '09:00:00', '11:00:00', 3, 'a:4:{i:1;s:2:\"on\";i:2;s:2:\"on\";i:3;s:2:\"on\";i:4;s:2:\"on\";}', 41, NULL),
(564, 1, '2018-10-12', '14:00:00', '16:00:00', 3, 'a:4:{i:1;s:2:\"on\";i:2;s:2:\"on\";i:3;s:2:\"on\";i:4;s:2:\"on\";}', 41, NULL),
(565, 1, '2018-10-13', '09:00:00', '11:00:00', 3, 'a:4:{i:1;s:2:\"on\";i:2;s:2:\"on\";i:3;s:2:\"on\";i:4;s:2:\"on\";}', 41, NULL),
(566, 1, '2018-10-13', '14:00:00', '16:00:00', 3, 'a:4:{i:1;s:2:\"on\";i:2;s:2:\"on\";i:3;s:2:\"on\";i:4;s:2:\"on\";}', 41, NULL),
(567, 1, '2018-10-14', '09:00:00', '11:00:00', 3, 'a:4:{i:1;s:2:\"on\";i:2;s:2:\"on\";i:3;s:2:\"on\";i:4;s:2:\"on\";}', 41, NULL),
(568, 1, '2018-10-14', '14:00:00', '16:00:00', 3, 'a:4:{i:1;s:2:\"on\";i:2;s:2:\"on\";i:3;s:2:\"on\";i:4;s:2:\"on\";}', 41, NULL),
(569, 1, '2018-10-15', '09:00:00', '11:00:00', 3, 'a:4:{i:1;s:2:\"on\";i:2;s:2:\"on\";i:3;s:2:\"on\";i:4;s:2:\"on\";}', 41, NULL),
(570, 1, '2018-10-15', '14:00:00', '16:00:00', 3, 'a:4:{i:1;s:2:\"on\";i:2;s:2:\"on\";i:3;s:2:\"on\";i:4;s:2:\"on\";}', 41, NULL),
(571, 1, '2018-10-16', '09:00:00', '11:00:00', 3, 'a:4:{i:1;s:2:\"on\";i:2;s:2:\"on\";i:3;s:2:\"on\";i:4;s:2:\"on\";}', 41, NULL),
(572, 1, '2018-10-16', '14:00:00', '16:00:00', 3, 'a:4:{i:1;s:2:\"on\";i:2;s:2:\"on\";i:3;s:2:\"on\";i:4;s:2:\"on\";}', 41, NULL),
(573, 1, '2018-10-17', '09:00:00', '11:00:00', 3, 'a:4:{i:1;s:2:\"on\";i:2;s:2:\"on\";i:3;s:2:\"on\";i:4;s:2:\"on\";}', 41, NULL),
(574, 1, '2018-10-17', '14:00:00', '16:00:00', 3, 'a:4:{i:1;s:2:\"on\";i:2;s:2:\"on\";i:3;s:2:\"on\";i:4;s:2:\"on\";}', 41, NULL),
(575, 1, '2018-10-18', '09:00:00', '11:00:00', 3, 'a:4:{i:1;s:2:\"on\";i:2;s:2:\"on\";i:3;s:2:\"on\";i:4;s:2:\"on\";}', 41, NULL),
(576, 1, '2018-10-18', '14:00:00', '16:00:00', 3, 'a:4:{i:1;s:2:\"on\";i:2;s:2:\"on\";i:3;s:2:\"on\";i:4;s:2:\"on\";}', 41, NULL),
(577, 1, '2018-10-19', '09:00:00', '11:00:00', 3, 'a:4:{i:1;s:2:\"on\";i:2;s:2:\"on\";i:3;s:2:\"on\";i:4;s:2:\"on\";}', 41, NULL),
(578, 1, '2018-10-19', '14:00:00', '16:00:00', 3, 'a:4:{i:1;s:2:\"on\";i:2;s:2:\"on\";i:3;s:2:\"on\";i:4;s:2:\"on\";}', 41, NULL),
(579, 1, '2018-10-20', '09:00:00', '11:00:00', 3, 'a:4:{i:1;s:2:\"on\";i:2;s:2:\"on\";i:3;s:2:\"on\";i:4;s:2:\"on\";}', 41, NULL),
(580, 1, '2018-10-20', '14:00:00', '16:00:00', 3, 'a:4:{i:1;s:2:\"on\";i:2;s:2:\"on\";i:3;s:2:\"on\";i:4;s:2:\"on\";}', 41, NULL),
(581, 1, '2019-04-15', '11:00:00', '13:00:00', 3, 'a:4:{i:5;s:2:\"on\";i:6;s:2:\"on\";i:7;s:2:\"on\";i:8;s:2:\"on\";}', 42, NULL),
(582, 1, '2019-04-15', '18:00:00', '20:00:00', 3, 'a:4:{i:5;s:2:\"on\";i:6;s:2:\"on\";i:7;s:2:\"on\";i:8;s:2:\"on\";}', 42, NULL),
(583, 1, '2019-04-15', '11:00:00', '13:00:00', 3, 'a:4:{i:5;s:2:\"on\";i:6;s:2:\"on\";i:7;s:2:\"on\";i:8;s:2:\"on\";}', 42, NULL),
(584, 1, '2019-04-15', '18:00:00', '20:00:00', 3, 'a:4:{i:5;s:2:\"on\";i:6;s:2:\"on\";i:7;s:2:\"on\";i:8;s:2:\"on\";}', 42, NULL),
(585, 1, '2019-04-16', '11:00:00', '13:00:00', 3, 'a:4:{i:5;s:2:\"on\";i:6;s:2:\"on\";i:7;s:2:\"on\";i:8;s:2:\"on\";}', 42, NULL),
(586, 1, '2019-04-16', '18:00:00', '20:00:00', 3, 'a:4:{i:5;s:2:\"on\";i:6;s:2:\"on\";i:7;s:2:\"on\";i:8;s:2:\"on\";}', 42, NULL),
(587, 1, '2019-04-17', '11:00:00', '13:00:00', 3, 'a:4:{i:5;s:2:\"on\";i:6;s:2:\"on\";i:7;s:2:\"on\";i:8;s:2:\"on\";}', 42, NULL),
(588, 1, '2019-04-17', '18:00:00', '20:00:00', 3, 'a:4:{i:5;s:2:\"on\";i:6;s:2:\"on\";i:7;s:2:\"on\";i:8;s:2:\"on\";}', 42, NULL),
(589, 1, '2019-04-18', '11:00:00', '13:00:00', 3, 'a:4:{i:5;s:2:\"on\";i:6;s:2:\"on\";i:7;s:2:\"on\";i:8;s:2:\"on\";}', 42, NULL),
(590, 1, '2019-04-18', '18:00:00', '20:00:00', 3, 'a:4:{i:5;s:2:\"on\";i:6;s:2:\"on\";i:7;s:2:\"on\";i:8;s:2:\"on\";}', 42, NULL),
(591, 1, '2019-04-19', '11:00:00', '13:00:00', 3, 'a:4:{i:5;s:2:\"on\";i:6;s:2:\"on\";i:7;s:2:\"on\";i:8;s:2:\"on\";}', 42, NULL),
(592, 1, '2019-04-19', '18:00:00', '20:00:00', 3, 'a:4:{i:5;s:2:\"on\";i:6;s:2:\"on\";i:7;s:2:\"on\";i:8;s:2:\"on\";}', 42, NULL),
(593, 1, '2019-04-20', '11:00:00', '13:00:00', 3, 'a:4:{i:5;s:2:\"on\";i:6;s:2:\"on\";i:7;s:2:\"on\";i:8;s:2:\"on\";}', 42, NULL),
(594, 1, '2019-04-20', '18:00:00', '20:00:00', 3, 'a:4:{i:5;s:2:\"on\";i:6;s:2:\"on\";i:7;s:2:\"on\";i:8;s:2:\"on\";}', 42, NULL),
(595, 1, '2019-04-21', '11:00:00', '13:00:00', 3, 'a:4:{i:5;s:2:\"on\";i:6;s:2:\"on\";i:7;s:2:\"on\";i:8;s:2:\"on\";}', 42, NULL),
(596, 1, '2019-04-21', '18:00:00', '20:00:00', 3, 'a:4:{i:5;s:2:\"on\";i:6;s:2:\"on\";i:7;s:2:\"on\";i:8;s:2:\"on\";}', 42, NULL),
(597, 1, '2019-04-22', '11:00:00', '13:00:00', 3, 'a:4:{i:5;s:2:\"on\";i:6;s:2:\"on\";i:7;s:2:\"on\";i:8;s:2:\"on\";}', 42, NULL),
(598, 1, '2019-04-22', '18:00:00', '20:00:00', 3, 'a:4:{i:5;s:2:\"on\";i:6;s:2:\"on\";i:7;s:2:\"on\";i:8;s:2:\"on\";}', 42, NULL),
(599, 1, '2019-04-23', '11:00:00', '13:00:00', 3, 'a:4:{i:5;s:2:\"on\";i:6;s:2:\"on\";i:7;s:2:\"on\";i:8;s:2:\"on\";}', 42, NULL),
(600, 1, '2019-04-23', '18:00:00', '20:00:00', 3, 'a:4:{i:5;s:2:\"on\";i:6;s:2:\"on\";i:7;s:2:\"on\";i:8;s:2:\"on\";}', 42, NULL),
(601, 1, '2019-04-24', '11:00:00', '13:00:00', 3, 'a:4:{i:5;s:2:\"on\";i:6;s:2:\"on\";i:7;s:2:\"on\";i:8;s:2:\"on\";}', 42, NULL),
(602, 1, '2019-04-24', '18:00:00', '20:00:00', 3, 'a:4:{i:5;s:2:\"on\";i:6;s:2:\"on\";i:7;s:2:\"on\";i:8;s:2:\"on\";}', 42, NULL),
(603, 1, '2019-04-25', '11:00:00', '13:00:00', 3, 'a:4:{i:5;s:2:\"on\";i:6;s:2:\"on\";i:7;s:2:\"on\";i:8;s:2:\"on\";}', 42, NULL),
(604, 1, '2019-04-25', '18:00:00', '20:00:00', 3, 'a:4:{i:5;s:2:\"on\";i:6;s:2:\"on\";i:7;s:2:\"on\";i:8;s:2:\"on\";}', 42, NULL),
(605, 1, '2019-04-26', '11:00:00', '13:00:00', 3, 'a:4:{i:5;s:2:\"on\";i:6;s:2:\"on\";i:7;s:2:\"on\";i:8;s:2:\"on\";}', 42, NULL),
(606, 1, '2019-04-26', '18:00:00', '20:00:00', 3, 'a:4:{i:5;s:2:\"on\";i:6;s:2:\"on\";i:7;s:2:\"on\";i:8;s:2:\"on\";}', 42, NULL),
(607, 1, '2019-04-27', '11:00:00', '13:00:00', 3, 'a:4:{i:5;s:2:\"on\";i:6;s:2:\"on\";i:7;s:2:\"on\";i:8;s:2:\"on\";}', 42, NULL),
(608, 1, '2019-04-27', '18:00:00', '20:00:00', 3, 'a:4:{i:5;s:2:\"on\";i:6;s:2:\"on\";i:7;s:2:\"on\";i:8;s:2:\"on\";}', 42, NULL),
(609, 1, '2019-04-28', '11:00:00', '13:00:00', 3, 'a:4:{i:5;s:2:\"on\";i:6;s:2:\"on\";i:7;s:2:\"on\";i:8;s:2:\"on\";}', 42, NULL),
(610, 1, '2019-04-28', '18:00:00', '20:00:00', 3, 'a:4:{i:5;s:2:\"on\";i:6;s:2:\"on\";i:7;s:2:\"on\";i:8;s:2:\"on\";}', 42, NULL),
(611, 1, '2019-04-29', '11:00:00', '13:00:00', 3, 'a:4:{i:5;s:2:\"on\";i:6;s:2:\"on\";i:7;s:2:\"on\";i:8;s:2:\"on\";}', 42, NULL),
(612, 1, '2019-04-29', '18:00:00', '20:00:00', 3, 'a:4:{i:5;s:2:\"on\";i:6;s:2:\"on\";i:7;s:2:\"on\";i:8;s:2:\"on\";}', 42, NULL),
(613, 1, '2019-04-30', '11:00:00', '13:00:00', 3, 'a:4:{i:5;s:2:\"on\";i:6;s:2:\"on\";i:7;s:2:\"on\";i:8;s:2:\"on\";}', 42, NULL),
(614, 1, '2019-04-30', '18:00:00', '20:00:00', 3, 'a:4:{i:5;s:2:\"on\";i:6;s:2:\"on\";i:7;s:2:\"on\";i:8;s:2:\"on\";}', 42, NULL),
(615, 1, '2019-05-01', '11:00:00', '13:00:00', 3, 'a:4:{i:5;s:2:\"on\";i:6;s:2:\"on\";i:7;s:2:\"on\";i:8;s:2:\"on\";}', 42, NULL),
(616, 1, '2019-05-01', '18:00:00', '20:00:00', 3, 'a:4:{i:5;s:2:\"on\";i:6;s:2:\"on\";i:7;s:2:\"on\";i:8;s:2:\"on\";}', 42, NULL),
(617, 1, '2019-05-02', '11:00:00', '13:00:00', 3, 'a:4:{i:5;s:2:\"on\";i:6;s:2:\"on\";i:7;s:2:\"on\";i:8;s:2:\"on\";}', 42, NULL),
(618, 1, '2019-05-02', '18:00:00', '20:00:00', 3, 'a:4:{i:5;s:2:\"on\";i:6;s:2:\"on\";i:7;s:2:\"on\";i:8;s:2:\"on\";}', 42, NULL),
(619, 1, '2019-04-20', '09:00:00', '11:00:00', 3, 'a:4:{i:1;s:2:\"on\";i:2;s:2:\"on\";i:3;s:2:\"on\";i:4;s:2:\"on\";}', 43, '2018-10-25'),
(620, 1, '2019-04-20', '16:00:00', '18:00:00', 3, 'a:4:{i:1;s:2:\"on\";i:2;s:2:\"on\";i:3;s:2:\"on\";i:4;s:2:\"on\";}', 43, '2018-10-25'),
(621, 1, '2019-04-20', '09:00:00', '11:00:00', 3, 'a:4:{i:1;s:2:\"on\";i:2;s:2:\"on\";i:3;s:2:\"on\";i:4;s:2:\"on\";}', 43, NULL),
(622, 1, '2019-04-20', '16:00:00', '18:00:00', 3, 'a:4:{i:1;s:2:\"on\";i:2;s:2:\"on\";i:3;s:2:\"on\";i:4;s:2:\"on\";}', 43, NULL),
(623, 1, '2019-04-21', '09:00:00', '11:00:00', 3, 'a:4:{i:1;s:2:\"on\";i:2;s:2:\"on\";i:3;s:2:\"on\";i:4;s:2:\"on\";}', 43, NULL),
(624, 1, '2019-04-21', '16:00:00', '18:00:00', 3, 'a:4:{i:1;s:2:\"on\";i:2;s:2:\"on\";i:3;s:2:\"on\";i:4;s:2:\"on\";}', 43, NULL),
(625, 1, '2019-04-22', '09:00:00', '11:00:00', 3, 'a:4:{i:1;s:2:\"on\";i:2;s:2:\"on\";i:3;s:2:\"on\";i:4;s:2:\"on\";}', 43, NULL),
(626, 1, '2019-04-22', '16:00:00', '18:00:00', 3, 'a:4:{i:1;s:2:\"on\";i:2;s:2:\"on\";i:3;s:2:\"on\";i:4;s:2:\"on\";}', 43, NULL),
(627, 1, '2019-04-23', '09:00:00', '11:00:00', 3, 'a:4:{i:1;s:2:\"on\";i:2;s:2:\"on\";i:3;s:2:\"on\";i:4;s:2:\"on\";}', 43, NULL),
(628, 1, '2019-04-23', '16:00:00', '18:00:00', 3, 'a:4:{i:1;s:2:\"on\";i:2;s:2:\"on\";i:3;s:2:\"on\";i:4;s:2:\"on\";}', 43, NULL),
(629, 1, '2019-04-24', '09:00:00', '11:00:00', 3, 'a:4:{i:1;s:2:\"on\";i:2;s:2:\"on\";i:3;s:2:\"on\";i:4;s:2:\"on\";}', 43, NULL),
(630, 1, '2019-04-24', '16:00:00', '18:00:00', 3, 'a:4:{i:1;s:2:\"on\";i:2;s:2:\"on\";i:3;s:2:\"on\";i:4;s:2:\"on\";}', 43, NULL),
(631, 1, '2019-04-25', '09:00:00', '11:00:00', 3, 'a:4:{i:1;s:2:\"on\";i:2;s:2:\"on\";i:3;s:2:\"on\";i:4;s:2:\"on\";}', 43, NULL),
(632, 1, '2019-04-25', '16:00:00', '18:00:00', 3, 'a:4:{i:1;s:2:\"on\";i:2;s:2:\"on\";i:3;s:2:\"on\";i:4;s:2:\"on\";}', 43, NULL),
(633, 1, '2019-04-26', '09:00:00', '11:00:00', 3, 'a:4:{i:1;s:2:\"on\";i:2;s:2:\"on\";i:3;s:2:\"on\";i:4;s:2:\"on\";}', 43, NULL),
(634, 1, '2019-04-26', '16:00:00', '18:00:00', 3, 'a:4:{i:1;s:2:\"on\";i:2;s:2:\"on\";i:3;s:2:\"on\";i:4;s:2:\"on\";}', 43, NULL),
(635, 1, '2019-04-27', '09:00:00', '11:00:00', 3, 'a:4:{i:1;s:2:\"on\";i:2;s:2:\"on\";i:3;s:2:\"on\";i:4;s:2:\"on\";}', 43, NULL),
(636, 1, '2019-04-27', '16:00:00', '18:00:00', 3, 'a:4:{i:1;s:2:\"on\";i:2;s:2:\"on\";i:3;s:2:\"on\";i:4;s:2:\"on\";}', 43, NULL),
(637, 1, '2019-04-28', '09:00:00', '11:00:00', 3, 'a:4:{i:1;s:2:\"on\";i:2;s:2:\"on\";i:3;s:2:\"on\";i:4;s:2:\"on\";}', 43, NULL),
(638, 1, '2019-04-28', '16:00:00', '18:00:00', 3, 'a:4:{i:1;s:2:\"on\";i:2;s:2:\"on\";i:3;s:2:\"on\";i:4;s:2:\"on\";}', 43, NULL),
(639, 1, '2019-04-29', '09:00:00', '11:00:00', 3, 'a:4:{i:1;s:2:\"on\";i:2;s:2:\"on\";i:3;s:2:\"on\";i:4;s:2:\"on\";}', 43, NULL),
(640, 1, '2019-04-29', '16:00:00', '18:00:00', 3, 'a:4:{i:1;s:2:\"on\";i:2;s:2:\"on\";i:3;s:2:\"on\";i:4;s:2:\"on\";}', 43, NULL),
(641, 1, '2019-04-20', '11:00:00', '13:00:00', 3, 'a:4:{i:1;s:2:\"on\";i:2;s:2:\"on\";i:3;s:2:\"on\";i:4;s:2:\"on\";}', 44, '2018-10-25'),
(642, 1, '2019-04-20', '18:00:00', '20:00:00', 3, 'a:4:{i:1;s:2:\"on\";i:2;s:2:\"on\";i:3;s:2:\"on\";i:4;s:2:\"on\";}', 44, NULL),
(643, 1, '2019-04-20', '11:00:00', '13:00:00', 3, 'a:4:{i:1;s:2:\"on\";i:2;s:2:\"on\";i:3;s:2:\"on\";i:4;s:2:\"on\";}', 44, NULL),
(644, 1, '2019-04-20', '18:00:00', '20:00:00', 3, 'a:4:{i:1;s:2:\"on\";i:2;s:2:\"on\";i:3;s:2:\"on\";i:4;s:2:\"on\";}', 44, '2018-10-25'),
(645, 1, '2019-04-21', '11:00:00', '13:00:00', 3, 'a:4:{i:1;s:2:\"on\";i:2;s:2:\"on\";i:3;s:2:\"on\";i:4;s:2:\"on\";}', 44, NULL),
(646, 1, '2019-04-21', '18:00:00', '20:00:00', 3, 'a:4:{i:1;s:2:\"on\";i:2;s:2:\"on\";i:3;s:2:\"on\";i:4;s:2:\"on\";}', 44, NULL),
(647, 1, '2019-04-22', '11:00:00', '13:00:00', 3, 'a:4:{i:1;s:2:\"on\";i:2;s:2:\"on\";i:3;s:2:\"on\";i:4;s:2:\"on\";}', 44, NULL),
(648, 1, '2019-04-22', '18:00:00', '20:00:00', 3, 'a:4:{i:1;s:2:\"on\";i:2;s:2:\"on\";i:3;s:2:\"on\";i:4;s:2:\"on\";}', 44, NULL),
(649, 1, '2019-04-23', '11:00:00', '13:00:00', 3, 'a:4:{i:1;s:2:\"on\";i:2;s:2:\"on\";i:3;s:2:\"on\";i:4;s:2:\"on\";}', 44, NULL),
(650, 1, '2019-04-23', '18:00:00', '20:00:00', 3, 'a:4:{i:1;s:2:\"on\";i:2;s:2:\"on\";i:3;s:2:\"on\";i:4;s:2:\"on\";}', 44, NULL),
(651, 1, '2019-04-24', '11:00:00', '13:00:00', 3, 'a:4:{i:1;s:2:\"on\";i:2;s:2:\"on\";i:3;s:2:\"on\";i:4;s:2:\"on\";}', 44, NULL),
(652, 1, '2019-04-24', '18:00:00', '20:00:00', 3, 'a:4:{i:1;s:2:\"on\";i:2;s:2:\"on\";i:3;s:2:\"on\";i:4;s:2:\"on\";}', 44, NULL),
(653, 1, '2019-04-25', '11:00:00', '13:00:00', 3, 'a:4:{i:1;s:2:\"on\";i:2;s:2:\"on\";i:3;s:2:\"on\";i:4;s:2:\"on\";}', 44, NULL),
(654, 1, '2019-04-25', '18:00:00', '20:00:00', 3, 'a:4:{i:1;s:2:\"on\";i:2;s:2:\"on\";i:3;s:2:\"on\";i:4;s:2:\"on\";}', 44, NULL),
(655, 1, '2019-04-26', '11:00:00', '13:00:00', 3, 'a:4:{i:1;s:2:\"on\";i:2;s:2:\"on\";i:3;s:2:\"on\";i:4;s:2:\"on\";}', 44, NULL),
(656, 1, '2019-04-26', '18:00:00', '20:00:00', 3, 'a:4:{i:1;s:2:\"on\";i:2;s:2:\"on\";i:3;s:2:\"on\";i:4;s:2:\"on\";}', 44, NULL),
(657, 1, '2019-04-27', '11:00:00', '13:00:00', 3, 'a:4:{i:1;s:2:\"on\";i:2;s:2:\"on\";i:3;s:2:\"on\";i:4;s:2:\"on\";}', 44, NULL),
(658, 1, '2019-04-27', '18:00:00', '20:00:00', 3, 'a:4:{i:1;s:2:\"on\";i:2;s:2:\"on\";i:3;s:2:\"on\";i:4;s:2:\"on\";}', 44, NULL),
(659, 1, '2019-04-28', '11:00:00', '13:00:00', 3, 'a:4:{i:1;s:2:\"on\";i:2;s:2:\"on\";i:3;s:2:\"on\";i:4;s:2:\"on\";}', 44, NULL),
(660, 1, '2019-04-28', '18:00:00', '20:00:00', 3, 'a:4:{i:1;s:2:\"on\";i:2;s:2:\"on\";i:3;s:2:\"on\";i:4;s:2:\"on\";}', 44, NULL),
(661, 1, '2019-04-29', '11:00:00', '13:00:00', 3, 'a:4:{i:1;s:2:\"on\";i:2;s:2:\"on\";i:3;s:2:\"on\";i:4;s:2:\"on\";}', 44, NULL),
(662, 1, '2019-04-29', '18:00:00', '20:00:00', 3, 'a:4:{i:1;s:2:\"on\";i:2;s:2:\"on\";i:3;s:2:\"on\";i:4;s:2:\"on\";}', 44, NULL),
(663, 1, '2019-04-30', '11:00:00', '13:00:00', 3, 'a:4:{i:1;s:2:\"on\";i:2;s:2:\"on\";i:3;s:2:\"on\";i:4;s:2:\"on\";}', 44, NULL),
(664, 1, '2019-04-14', '07:00:00', '09:00:00', 2, NULL, 39, '2018-10-04'),
(665, 1, '2019-04-21', '07:00:00', '09:00:00', 2, NULL, 39, NULL),
(666, 1, '2019-04-21', '14:00:00', '16:00:00', 2, NULL, 39, NULL),
(667, 1, '2019-04-22', '07:00:00', '09:00:00', 2, NULL, 39, NULL),
(668, 1, '2019-04-22', '14:00:00', '16:00:00', 2, NULL, 39, NULL),
(669, 1, '2019-04-23', '07:00:00', '09:00:00', 2, NULL, 39, NULL),
(670, 1, '2019-04-23', '14:00:00', '16:00:00', 2, NULL, 39, NULL),
(671, 1, '2019-04-24', '07:00:00', '09:00:00', 2, NULL, 39, NULL),
(672, 1, '2019-04-24', '14:00:00', '16:00:00', 2, NULL, 39, NULL),
(673, 1, '2019-04-25', '07:00:00', '09:00:00', 2, NULL, 39, NULL),
(674, 1, '2019-04-25', '14:00:00', '16:00:00', 2, NULL, 39, NULL),
(675, 1, '2019-05-31', '08:30:00', '11:30:00', 7, 'a:8:{i:1;s:2:\"on\";i:2;s:2:\"on\";i:3;s:2:\"on\";i:4;s:2:\"on\";i:5;s:2:\"on\";i:6;s:2:\"on\";i:7;s:2:\"on\";i:8;s:2:\"on\";}', 45, NULL),
(676, 1, '2019-05-31', '16:00:00', '19:00:00', 7, 'a:8:{i:1;s:2:\"on\";i:2;s:2:\"on\";i:3;s:2:\"on\";i:4;s:2:\"on\";i:5;s:2:\"on\";i:6;s:2:\"on\";i:7;s:2:\"on\";i:8;s:2:\"on\";}', 45, NULL),
(677, 1, '2019-06-01', '08:30:00', '11:30:00', 7, 'a:8:{i:1;s:2:\"on\";i:2;s:2:\"on\";i:3;s:2:\"on\";i:4;s:2:\"on\";i:5;s:2:\"on\";i:6;s:2:\"on\";i:7;s:2:\"on\";i:8;s:2:\"on\";}', 45, NULL),
(678, 1, '2019-06-01', '16:00:00', '19:00:00', 7, 'a:8:{i:1;s:2:\"on\";i:2;s:2:\"on\";i:3;s:2:\"on\";i:4;s:2:\"on\";i:5;s:2:\"on\";i:6;s:2:\"on\";i:7;s:2:\"on\";i:8;s:2:\"on\";}', 45, NULL),
(679, 1, '2019-06-02', '08:30:00', '11:30:00', 7, 'a:8:{i:1;s:2:\"on\";i:2;s:2:\"on\";i:3;s:2:\"on\";i:4;s:2:\"on\";i:5;s:2:\"on\";i:6;s:2:\"on\";i:7;s:2:\"on\";i:8;s:2:\"on\";}', 45, NULL),
(680, 1, '2019-06-02', '16:00:00', '19:00:00', 7, 'a:8:{i:1;s:2:\"on\";i:2;s:2:\"on\";i:3;s:2:\"on\";i:4;s:2:\"on\";i:5;s:2:\"on\";i:6;s:2:\"on\";i:7;s:2:\"on\";i:8;s:2:\"on\";}', 45, NULL),
(681, 1, '2019-06-03', '08:30:00', '11:30:00', 7, 'a:8:{i:1;s:2:\"on\";i:2;s:2:\"on\";i:3;s:2:\"on\";i:4;s:2:\"on\";i:5;s:2:\"on\";i:6;s:2:\"on\";i:7;s:2:\"on\";i:8;s:2:\"on\";}', 45, NULL),
(682, 1, '2019-06-03', '16:00:00', '19:00:00', 7, 'a:8:{i:1;s:2:\"on\";i:2;s:2:\"on\";i:3;s:2:\"on\";i:4;s:2:\"on\";i:5;s:2:\"on\";i:6;s:2:\"on\";i:7;s:2:\"on\";i:8;s:2:\"on\";}', 45, NULL),
(683, 1, '2019-06-04', '08:30:00', '11:30:00', 7, 'a:8:{i:1;s:2:\"on\";i:2;s:2:\"on\";i:3;s:2:\"on\";i:4;s:2:\"on\";i:5;s:2:\"on\";i:6;s:2:\"on\";i:7;s:2:\"on\";i:8;s:2:\"on\";}', 45, NULL),
(684, 1, '2019-06-04', '16:00:00', '19:00:00', 7, 'a:8:{i:1;s:2:\"on\";i:2;s:2:\"on\";i:3;s:2:\"on\";i:4;s:2:\"on\";i:5;s:2:\"on\";i:6;s:2:\"on\";i:7;s:2:\"on\";i:8;s:2:\"on\";}', 45, NULL),
(685, 1, '2019-06-05', '08:30:00', '11:30:00', 7, 'a:8:{i:1;s:2:\"on\";i:2;s:2:\"on\";i:3;s:2:\"on\";i:4;s:2:\"on\";i:5;s:2:\"on\";i:6;s:2:\"on\";i:7;s:2:\"on\";i:8;s:2:\"on\";}', 45, NULL),
(686, 1, '2019-06-05', '16:00:00', '19:00:00', 7, 'a:8:{i:1;s:2:\"on\";i:2;s:2:\"on\";i:3;s:2:\"on\";i:4;s:2:\"on\";i:5;s:2:\"on\";i:6;s:2:\"on\";i:7;s:2:\"on\";i:8;s:2:\"on\";}', 45, NULL),
(687, 1, '2019-06-06', '08:30:00', '11:30:00', 7, 'a:8:{i:1;s:2:\"on\";i:2;s:2:\"on\";i:3;s:2:\"on\";i:4;s:2:\"on\";i:5;s:2:\"on\";i:6;s:2:\"on\";i:7;s:2:\"on\";i:8;s:2:\"on\";}', 45, NULL),
(688, 1, '2019-06-06', '16:00:00', '19:00:00', 7, 'a:8:{i:1;s:2:\"on\";i:2;s:2:\"on\";i:3;s:2:\"on\";i:4;s:2:\"on\";i:5;s:2:\"on\";i:6;s:2:\"on\";i:7;s:2:\"on\";i:8;s:2:\"on\";}', 45, NULL),
(689, 1, '2019-06-07', '08:30:00', '11:30:00', 7, 'a:8:{i:1;s:2:\"on\";i:2;s:2:\"on\";i:3;s:2:\"on\";i:4;s:2:\"on\";i:5;s:2:\"on\";i:6;s:2:\"on\";i:7;s:2:\"on\";i:8;s:2:\"on\";}', 45, NULL),
(690, 1, '2019-06-07', '16:00:00', '19:00:00', 7, 'a:8:{i:1;s:2:\"on\";i:2;s:2:\"on\";i:3;s:2:\"on\";i:4;s:2:\"on\";i:5;s:2:\"on\";i:6;s:2:\"on\";i:7;s:2:\"on\";i:8;s:2:\"on\";}', 45, NULL),
(691, 1, '2019-06-08', '08:30:00', '11:30:00', 7, 'a:8:{i:1;s:2:\"on\";i:2;s:2:\"on\";i:3;s:2:\"on\";i:4;s:2:\"on\";i:5;s:2:\"on\";i:6;s:2:\"on\";i:7;s:2:\"on\";i:8;s:2:\"on\";}', 45, NULL),
(692, 1, '2019-06-08', '16:00:00', '19:00:00', 7, 'a:8:{i:1;s:2:\"on\";i:2;s:2:\"on\";i:3;s:2:\"on\";i:4;s:2:\"on\";i:5;s:2:\"on\";i:6;s:2:\"on\";i:7;s:2:\"on\";i:8;s:2:\"on\";}', 45, NULL),
(693, 1, '2019-06-09', '08:30:00', '11:30:00', 7, 'a:8:{i:1;s:2:\"on\";i:2;s:2:\"on\";i:3;s:2:\"on\";i:4;s:2:\"on\";i:5;s:2:\"on\";i:6;s:2:\"on\";i:7;s:2:\"on\";i:8;s:2:\"on\";}', 45, NULL),
(694, 1, '2019-06-09', '16:00:00', '19:00:00', 7, 'a:8:{i:1;s:2:\"on\";i:2;s:2:\"on\";i:3;s:2:\"on\";i:4;s:2:\"on\";i:5;s:2:\"on\";i:6;s:2:\"on\";i:7;s:2:\"on\";i:8;s:2:\"on\";}', 45, NULL),
(695, 1, '2019-06-10', '08:30:00', '11:30:00', 7, 'a:8:{i:1;s:2:\"on\";i:2;s:2:\"on\";i:3;s:2:\"on\";i:4;s:2:\"on\";i:5;s:2:\"on\";i:6;s:2:\"on\";i:7;s:2:\"on\";i:8;s:2:\"on\";}', 45, NULL),
(696, 1, '2019-06-10', '16:00:00', '19:00:00', 7, 'a:8:{i:1;s:2:\"on\";i:2;s:2:\"on\";i:3;s:2:\"on\";i:4;s:2:\"on\";i:5;s:2:\"on\";i:6;s:2:\"on\";i:7;s:2:\"on\";i:8;s:2:\"on\";}', 45, NULL),
(697, 1, '2019-06-11', '08:30:00', '11:30:00', 7, 'a:8:{i:1;s:2:\"on\";i:2;s:2:\"on\";i:3;s:2:\"on\";i:4;s:2:\"on\";i:5;s:2:\"on\";i:6;s:2:\"on\";i:7;s:2:\"on\";i:8;s:2:\"on\";}', 45, NULL),
(698, 1, '2019-06-11', '16:00:00', '19:00:00', 7, 'a:8:{i:1;s:2:\"on\";i:2;s:2:\"on\";i:3;s:2:\"on\";i:4;s:2:\"on\";i:5;s:2:\"on\";i:6;s:2:\"on\";i:7;s:2:\"on\";i:8;s:2:\"on\";}', 45, NULL),
(699, 1, '2019-06-12', '08:30:00', '11:30:00', 7, 'a:8:{i:1;s:2:\"on\";i:2;s:2:\"on\";i:3;s:2:\"on\";i:4;s:2:\"on\";i:5;s:2:\"on\";i:6;s:2:\"on\";i:7;s:2:\"on\";i:8;s:2:\"on\";}', 45, NULL),
(700, 1, '2019-06-12', '16:00:00', '19:00:00', 7, 'a:8:{i:1;s:2:\"on\";i:2;s:2:\"on\";i:3;s:2:\"on\";i:4;s:2:\"on\";i:5;s:2:\"on\";i:6;s:2:\"on\";i:7;s:2:\"on\";i:8;s:2:\"on\";}', 45, NULL),
(701, 1, '2019-06-13', '08:30:00', '11:30:00', 7, 'a:8:{i:1;s:2:\"on\";i:2;s:2:\"on\";i:3;s:2:\"on\";i:4;s:2:\"on\";i:5;s:2:\"on\";i:6;s:2:\"on\";i:7;s:2:\"on\";i:8;s:2:\"on\";}', 45, NULL),
(702, 1, '2019-06-13', '16:00:00', '19:00:00', 7, 'a:8:{i:1;s:2:\"on\";i:2;s:2:\"on\";i:3;s:2:\"on\";i:4;s:2:\"on\";i:5;s:2:\"on\";i:6;s:2:\"on\";i:7;s:2:\"on\";i:8;s:2:\"on\";}', 45, NULL),
(703, 1, '2019-06-14', '08:30:00', '11:30:00', 7, 'a:8:{i:1;s:2:\"on\";i:2;s:2:\"on\";i:3;s:2:\"on\";i:4;s:2:\"on\";i:5;s:2:\"on\";i:6;s:2:\"on\";i:7;s:2:\"on\";i:8;s:2:\"on\";}', 45, NULL),
(704, 1, '2019-06-14', '16:00:00', '19:00:00', 7, 'a:8:{i:1;s:2:\"on\";i:2;s:2:\"on\";i:3;s:2:\"on\";i:4;s:2:\"on\";i:5;s:2:\"on\";i:6;s:2:\"on\";i:7;s:2:\"on\";i:8;s:2:\"on\";}', 45, NULL),
(705, 1, '2019-06-15', '08:30:00', '11:30:00', 7, 'a:8:{i:1;s:2:\"on\";i:2;s:2:\"on\";i:3;s:2:\"on\";i:4;s:2:\"on\";i:5;s:2:\"on\";i:6;s:2:\"on\";i:7;s:2:\"on\";i:8;s:2:\"on\";}', 45, NULL),
(706, 1, '2019-06-15', '16:00:00', '19:00:00', 7, 'a:8:{i:1;s:2:\"on\";i:2;s:2:\"on\";i:3;s:2:\"on\";i:4;s:2:\"on\";i:5;s:2:\"on\";i:6;s:2:\"on\";i:7;s:2:\"on\";i:8;s:2:\"on\";}', 45, NULL),
(707, 1, '2019-06-16', '08:30:00', '11:30:00', 7, 'a:8:{i:1;s:2:\"on\";i:2;s:2:\"on\";i:3;s:2:\"on\";i:4;s:2:\"on\";i:5;s:2:\"on\";i:6;s:2:\"on\";i:7;s:2:\"on\";i:8;s:2:\"on\";}', 45, NULL),
(708, 1, '2019-06-16', '16:00:00', '19:00:00', 7, 'a:8:{i:1;s:2:\"on\";i:2;s:2:\"on\";i:3;s:2:\"on\";i:4;s:2:\"on\";i:5;s:2:\"on\";i:6;s:2:\"on\";i:7;s:2:\"on\";i:8;s:2:\"on\";}', 45, NULL),
(709, 1, '2019-06-17', '08:30:00', '11:30:00', 7, 'a:8:{i:1;s:2:\"on\";i:2;s:2:\"on\";i:3;s:2:\"on\";i:4;s:2:\"on\";i:5;s:2:\"on\";i:6;s:2:\"on\";i:7;s:2:\"on\";i:8;s:2:\"on\";}', 45, NULL),
(710, 1, '2019-06-17', '16:00:00', '19:00:00', 7, 'a:8:{i:1;s:2:\"on\";i:2;s:2:\"on\";i:3;s:2:\"on\";i:4;s:2:\"on\";i:5;s:2:\"on\";i:6;s:2:\"on\";i:7;s:2:\"on\";i:8;s:2:\"on\";}', 45, NULL),
(711, 1, '2019-06-18', '08:30:00', '11:30:00', 7, 'a:8:{i:1;s:2:\"on\";i:2;s:2:\"on\";i:3;s:2:\"on\";i:4;s:2:\"on\";i:5;s:2:\"on\";i:6;s:2:\"on\";i:7;s:2:\"on\";i:8;s:2:\"on\";}', 45, NULL),
(712, 1, '2019-06-18', '16:00:00', '19:00:00', 7, 'a:8:{i:1;s:2:\"on\";i:2;s:2:\"on\";i:3;s:2:\"on\";i:4;s:2:\"on\";i:5;s:2:\"on\";i:6;s:2:\"on\";i:7;s:2:\"on\";i:8;s:2:\"on\";}', 45, NULL),
(713, 1, '2019-06-19', '08:30:00', '11:30:00', 7, 'a:8:{i:1;s:2:\"on\";i:2;s:2:\"on\";i:3;s:2:\"on\";i:4;s:2:\"on\";i:5;s:2:\"on\";i:6;s:2:\"on\";i:7;s:2:\"on\";i:8;s:2:\"on\";}', 45, NULL),
(714, 1, '2019-06-19', '16:00:00', '19:00:00', 7, 'a:8:{i:1;s:2:\"on\";i:2;s:2:\"on\";i:3;s:2:\"on\";i:4;s:2:\"on\";i:5;s:2:\"on\";i:6;s:2:\"on\";i:7;s:2:\"on\";i:8;s:2:\"on\";}', 45, NULL),
(715, 1, '2019-06-20', '08:30:00', '11:30:00', 7, 'a:8:{i:1;s:2:\"on\";i:2;s:2:\"on\";i:3;s:2:\"on\";i:4;s:2:\"on\";i:5;s:2:\"on\";i:6;s:2:\"on\";i:7;s:2:\"on\";i:8;s:2:\"on\";}', 45, NULL),
(716, 1, '2019-06-20', '16:00:00', '19:00:00', 7, 'a:8:{i:1;s:2:\"on\";i:2;s:2:\"on\";i:3;s:2:\"on\";i:4;s:2:\"on\";i:5;s:2:\"on\";i:6;s:2:\"on\";i:7;s:2:\"on\";i:8;s:2:\"on\";}', 45, NULL),
(717, 1, '2019-05-31', '11:30:00', '13:00:00', 7, 'a:8:{i:1;s:2:\"on\";i:2;s:2:\"on\";i:3;s:2:\"on\";i:4;s:2:\"on\";i:5;s:2:\"on\";i:6;s:2:\"on\";i:7;s:2:\"on\";i:8;s:2:\"on\";}', 46, NULL),
(718, 1, '2019-05-31', '19:00:00', '20:30:00', 7, 'a:8:{i:1;s:2:\"on\";i:2;s:2:\"on\";i:3;s:2:\"on\";i:4;s:2:\"on\";i:5;s:2:\"on\";i:6;s:2:\"on\";i:7;s:2:\"on\";i:8;s:2:\"on\";}', 46, NULL),
(719, 1, '2019-05-31', '11:30:00', '13:00:00', 7, 'a:8:{i:1;s:2:\"on\";i:2;s:2:\"on\";i:3;s:2:\"on\";i:4;s:2:\"on\";i:5;s:2:\"on\";i:6;s:2:\"on\";i:7;s:2:\"on\";i:8;s:2:\"on\";}', 46, NULL),
(720, 1, '2019-05-31', '19:00:00', '20:30:00', 7, 'a:8:{i:1;s:2:\"on\";i:2;s:2:\"on\";i:3;s:2:\"on\";i:4;s:2:\"on\";i:5;s:2:\"on\";i:6;s:2:\"on\";i:7;s:2:\"on\";i:8;s:2:\"on\";}', 46, NULL),
(721, 1, '2019-06-01', '11:30:00', '13:00:00', 7, 'a:8:{i:1;s:2:\"on\";i:2;s:2:\"on\";i:3;s:2:\"on\";i:4;s:2:\"on\";i:5;s:2:\"on\";i:6;s:2:\"on\";i:7;s:2:\"on\";i:8;s:2:\"on\";}', 46, NULL),
(722, 1, '2019-06-01', '19:00:00', '20:30:00', 7, 'a:8:{i:1;s:2:\"on\";i:2;s:2:\"on\";i:3;s:2:\"on\";i:4;s:2:\"on\";i:5;s:2:\"on\";i:6;s:2:\"on\";i:7;s:2:\"on\";i:8;s:2:\"on\";}', 46, NULL),
(723, 1, '2019-06-02', '11:30:00', '13:00:00', 7, 'a:8:{i:1;s:2:\"on\";i:2;s:2:\"on\";i:3;s:2:\"on\";i:4;s:2:\"on\";i:5;s:2:\"on\";i:6;s:2:\"on\";i:7;s:2:\"on\";i:8;s:2:\"on\";}', 46, NULL),
(724, 1, '2019-06-02', '19:00:00', '20:30:00', 7, 'a:8:{i:1;s:2:\"on\";i:2;s:2:\"on\";i:3;s:2:\"on\";i:4;s:2:\"on\";i:5;s:2:\"on\";i:6;s:2:\"on\";i:7;s:2:\"on\";i:8;s:2:\"on\";}', 46, NULL),
(725, 1, '2019-06-03', '11:30:00', '13:00:00', 7, 'a:8:{i:1;s:2:\"on\";i:2;s:2:\"on\";i:3;s:2:\"on\";i:4;s:2:\"on\";i:5;s:2:\"on\";i:6;s:2:\"on\";i:7;s:2:\"on\";i:8;s:2:\"on\";}', 46, NULL),
(726, 1, '2019-06-03', '19:00:00', '20:30:00', 7, 'a:8:{i:1;s:2:\"on\";i:2;s:2:\"on\";i:3;s:2:\"on\";i:4;s:2:\"on\";i:5;s:2:\"on\";i:6;s:2:\"on\";i:7;s:2:\"on\";i:8;s:2:\"on\";}', 46, NULL),
(727, 1, '2019-06-04', '11:30:00', '13:00:00', 7, 'a:8:{i:1;s:2:\"on\";i:2;s:2:\"on\";i:3;s:2:\"on\";i:4;s:2:\"on\";i:5;s:2:\"on\";i:6;s:2:\"on\";i:7;s:2:\"on\";i:8;s:2:\"on\";}', 46, NULL),
(728, 1, '2019-06-04', '19:00:00', '20:30:00', 7, 'a:8:{i:1;s:2:\"on\";i:2;s:2:\"on\";i:3;s:2:\"on\";i:4;s:2:\"on\";i:5;s:2:\"on\";i:6;s:2:\"on\";i:7;s:2:\"on\";i:8;s:2:\"on\";}', 46, NULL),
(729, 1, '2019-06-05', '11:30:00', '13:00:00', 7, 'a:8:{i:1;s:2:\"on\";i:2;s:2:\"on\";i:3;s:2:\"on\";i:4;s:2:\"on\";i:5;s:2:\"on\";i:6;s:2:\"on\";i:7;s:2:\"on\";i:8;s:2:\"on\";}', 46, NULL),
(730, 1, '2019-06-05', '19:00:00', '20:30:00', 7, 'a:8:{i:1;s:2:\"on\";i:2;s:2:\"on\";i:3;s:2:\"on\";i:4;s:2:\"on\";i:5;s:2:\"on\";i:6;s:2:\"on\";i:7;s:2:\"on\";i:8;s:2:\"on\";}', 46, NULL),
(731, 1, '2019-06-06', '11:30:00', '13:00:00', 7, 'a:8:{i:1;s:2:\"on\";i:2;s:2:\"on\";i:3;s:2:\"on\";i:4;s:2:\"on\";i:5;s:2:\"on\";i:6;s:2:\"on\";i:7;s:2:\"on\";i:8;s:2:\"on\";}', 46, NULL),
(732, 1, '2019-06-06', '19:00:00', '20:30:00', 7, 'a:8:{i:1;s:2:\"on\";i:2;s:2:\"on\";i:3;s:2:\"on\";i:4;s:2:\"on\";i:5;s:2:\"on\";i:6;s:2:\"on\";i:7;s:2:\"on\";i:8;s:2:\"on\";}', 46, NULL),
(733, 1, '2019-06-07', '11:30:00', '13:00:00', 7, 'a:8:{i:1;s:2:\"on\";i:2;s:2:\"on\";i:3;s:2:\"on\";i:4;s:2:\"on\";i:5;s:2:\"on\";i:6;s:2:\"on\";i:7;s:2:\"on\";i:8;s:2:\"on\";}', 46, NULL),
(734, 1, '2019-06-07', '19:00:00', '20:30:00', 7, 'a:8:{i:1;s:2:\"on\";i:2;s:2:\"on\";i:3;s:2:\"on\";i:4;s:2:\"on\";i:5;s:2:\"on\";i:6;s:2:\"on\";i:7;s:2:\"on\";i:8;s:2:\"on\";}', 46, NULL),
(735, 1, '2019-06-08', '11:30:00', '13:00:00', 7, 'a:8:{i:1;s:2:\"on\";i:2;s:2:\"on\";i:3;s:2:\"on\";i:4;s:2:\"on\";i:5;s:2:\"on\";i:6;s:2:\"on\";i:7;s:2:\"on\";i:8;s:2:\"on\";}', 46, NULL),
(736, 1, '2019-06-08', '19:00:00', '20:30:00', 7, 'a:8:{i:1;s:2:\"on\";i:2;s:2:\"on\";i:3;s:2:\"on\";i:4;s:2:\"on\";i:5;s:2:\"on\";i:6;s:2:\"on\";i:7;s:2:\"on\";i:8;s:2:\"on\";}', 46, NULL),
(737, 1, '2019-06-09', '11:30:00', '13:00:00', 7, 'a:8:{i:1;s:2:\"on\";i:2;s:2:\"on\";i:3;s:2:\"on\";i:4;s:2:\"on\";i:5;s:2:\"on\";i:6;s:2:\"on\";i:7;s:2:\"on\";i:8;s:2:\"on\";}', 46, NULL),
(738, 1, '2019-06-09', '19:00:00', '20:30:00', 7, 'a:8:{i:1;s:2:\"on\";i:2;s:2:\"on\";i:3;s:2:\"on\";i:4;s:2:\"on\";i:5;s:2:\"on\";i:6;s:2:\"on\";i:7;s:2:\"on\";i:8;s:2:\"on\";}', 46, NULL),
(739, 1, '2019-06-10', '11:30:00', '13:00:00', 7, 'a:8:{i:1;s:2:\"on\";i:2;s:2:\"on\";i:3;s:2:\"on\";i:4;s:2:\"on\";i:5;s:2:\"on\";i:6;s:2:\"on\";i:7;s:2:\"on\";i:8;s:2:\"on\";}', 46, NULL),
(740, 1, '2019-06-10', '19:00:00', '20:30:00', 7, 'a:8:{i:1;s:2:\"on\";i:2;s:2:\"on\";i:3;s:2:\"on\";i:4;s:2:\"on\";i:5;s:2:\"on\";i:6;s:2:\"on\";i:7;s:2:\"on\";i:8;s:2:\"on\";}', 46, NULL),
(741, 1, '2019-06-11', '11:30:00', '13:00:00', 7, 'a:8:{i:1;s:2:\"on\";i:2;s:2:\"on\";i:3;s:2:\"on\";i:4;s:2:\"on\";i:5;s:2:\"on\";i:6;s:2:\"on\";i:7;s:2:\"on\";i:8;s:2:\"on\";}', 46, NULL),
(742, 1, '2019-06-11', '19:00:00', '20:30:00', 7, 'a:8:{i:1;s:2:\"on\";i:2;s:2:\"on\";i:3;s:2:\"on\";i:4;s:2:\"on\";i:5;s:2:\"on\";i:6;s:2:\"on\";i:7;s:2:\"on\";i:8;s:2:\"on\";}', 46, NULL),
(743, 1, '2019-06-12', '11:30:00', '13:00:00', 7, 'a:8:{i:1;s:2:\"on\";i:2;s:2:\"on\";i:3;s:2:\"on\";i:4;s:2:\"on\";i:5;s:2:\"on\";i:6;s:2:\"on\";i:7;s:2:\"on\";i:8;s:2:\"on\";}', 46, NULL),
(744, 1, '2019-06-12', '19:00:00', '20:30:00', 7, 'a:8:{i:1;s:2:\"on\";i:2;s:2:\"on\";i:3;s:2:\"on\";i:4;s:2:\"on\";i:5;s:2:\"on\";i:6;s:2:\"on\";i:7;s:2:\"on\";i:8;s:2:\"on\";}', 46, NULL),
(745, 1, '2019-06-13', '11:30:00', '13:00:00', 7, 'a:8:{i:1;s:2:\"on\";i:2;s:2:\"on\";i:3;s:2:\"on\";i:4;s:2:\"on\";i:5;s:2:\"on\";i:6;s:2:\"on\";i:7;s:2:\"on\";i:8;s:2:\"on\";}', 46, NULL),
(746, 1, '2019-06-13', '19:00:00', '20:30:00', 7, 'a:8:{i:1;s:2:\"on\";i:2;s:2:\"on\";i:3;s:2:\"on\";i:4;s:2:\"on\";i:5;s:2:\"on\";i:6;s:2:\"on\";i:7;s:2:\"on\";i:8;s:2:\"on\";}', 46, NULL),
(747, 1, '2019-06-14', '11:30:00', '13:00:00', 7, 'a:8:{i:1;s:2:\"on\";i:2;s:2:\"on\";i:3;s:2:\"on\";i:4;s:2:\"on\";i:5;s:2:\"on\";i:6;s:2:\"on\";i:7;s:2:\"on\";i:8;s:2:\"on\";}', 46, NULL),
(748, 1, '2019-06-14', '19:00:00', '20:30:00', 7, 'a:8:{i:1;s:2:\"on\";i:2;s:2:\"on\";i:3;s:2:\"on\";i:4;s:2:\"on\";i:5;s:2:\"on\";i:6;s:2:\"on\";i:7;s:2:\"on\";i:8;s:2:\"on\";}', 46, NULL),
(749, 1, '2019-06-15', '11:30:00', '13:00:00', 7, 'a:8:{i:1;s:2:\"on\";i:2;s:2:\"on\";i:3;s:2:\"on\";i:4;s:2:\"on\";i:5;s:2:\"on\";i:6;s:2:\"on\";i:7;s:2:\"on\";i:8;s:2:\"on\";}', 46, NULL),
(750, 1, '2019-06-15', '19:00:00', '20:30:00', 7, 'a:8:{i:1;s:2:\"on\";i:2;s:2:\"on\";i:3;s:2:\"on\";i:4;s:2:\"on\";i:5;s:2:\"on\";i:6;s:2:\"on\";i:7;s:2:\"on\";i:8;s:2:\"on\";}', 46, NULL),
(751, 1, '2019-06-16', '11:30:00', '13:00:00', 7, 'a:8:{i:1;s:2:\"on\";i:2;s:2:\"on\";i:3;s:2:\"on\";i:4;s:2:\"on\";i:5;s:2:\"on\";i:6;s:2:\"on\";i:7;s:2:\"on\";i:8;s:2:\"on\";}', 46, NULL),
(752, 1, '2019-06-16', '19:00:00', '20:30:00', 7, 'a:8:{i:1;s:2:\"on\";i:2;s:2:\"on\";i:3;s:2:\"on\";i:4;s:2:\"on\";i:5;s:2:\"on\";i:6;s:2:\"on\";i:7;s:2:\"on\";i:8;s:2:\"on\";}', 46, NULL),
(753, 1, '2019-06-17', '11:30:00', '13:00:00', 7, 'a:8:{i:1;s:2:\"on\";i:2;s:2:\"on\";i:3;s:2:\"on\";i:4;s:2:\"on\";i:5;s:2:\"on\";i:6;s:2:\"on\";i:7;s:2:\"on\";i:8;s:2:\"on\";}', 46, NULL),
(754, 1, '2019-06-17', '19:00:00', '20:30:00', 7, 'a:8:{i:1;s:2:\"on\";i:2;s:2:\"on\";i:3;s:2:\"on\";i:4;s:2:\"on\";i:5;s:2:\"on\";i:6;s:2:\"on\";i:7;s:2:\"on\";i:8;s:2:\"on\";}', 46, NULL),
(755, 1, '2019-06-18', '11:30:00', '13:00:00', 7, 'a:8:{i:1;s:2:\"on\";i:2;s:2:\"on\";i:3;s:2:\"on\";i:4;s:2:\"on\";i:5;s:2:\"on\";i:6;s:2:\"on\";i:7;s:2:\"on\";i:8;s:2:\"on\";}', 46, NULL),
(756, 1, '2019-06-18', '19:00:00', '20:30:00', 7, 'a:8:{i:1;s:2:\"on\";i:2;s:2:\"on\";i:3;s:2:\"on\";i:4;s:2:\"on\";i:5;s:2:\"on\";i:6;s:2:\"on\";i:7;s:2:\"on\";i:8;s:2:\"on\";}', 46, NULL),
(757, 1, '2019-06-19', '11:30:00', '13:00:00', 7, 'a:8:{i:1;s:2:\"on\";i:2;s:2:\"on\";i:3;s:2:\"on\";i:4;s:2:\"on\";i:5;s:2:\"on\";i:6;s:2:\"on\";i:7;s:2:\"on\";i:8;s:2:\"on\";}', 46, NULL),
(758, 1, '2019-06-19', '19:00:00', '20:30:00', 7, 'a:8:{i:1;s:2:\"on\";i:2;s:2:\"on\";i:3;s:2:\"on\";i:4;s:2:\"on\";i:5;s:2:\"on\";i:6;s:2:\"on\";i:7;s:2:\"on\";i:8;s:2:\"on\";}', 46, NULL),
(759, 1, '2019-06-20', '11:30:00', '13:00:00', 7, 'a:8:{i:1;s:2:\"on\";i:2;s:2:\"on\";i:3;s:2:\"on\";i:4;s:2:\"on\";i:5;s:2:\"on\";i:6;s:2:\"on\";i:7;s:2:\"on\";i:8;s:2:\"on\";}', 46, NULL),
(760, 1, '2019-06-20', '19:00:00', '20:30:00', 7, 'a:8:{i:1;s:2:\"on\";i:2;s:2:\"on\";i:3;s:2:\"on\";i:4;s:2:\"on\";i:5;s:2:\"on\";i:6;s:2:\"on\";i:7;s:2:\"on\";i:8;s:2:\"on\";}', 46, NULL),
(761, 1, '2019-06-21', '08:30:00', '10:00:00', 3, 'a:4:{i:1;s:2:\"on\";i:2;s:2:\"on\";i:3;s:2:\"on\";i:4;s:2:\"on\";}', 47, NULL),
(762, 1, '2019-06-21', '16:00:00', '17:30:00', 3, 'a:4:{i:1;s:2:\"on\";i:2;s:2:\"on\";i:3;s:2:\"on\";i:4;s:2:\"on\";}', 47, NULL),
(763, 1, '2019-06-22', '08:30:00', '10:00:00', 3, 'a:4:{i:1;s:2:\"on\";i:2;s:2:\"on\";i:3;s:2:\"on\";i:4;s:2:\"on\";}', 47, NULL),
(764, 1, '2019-06-22', '16:00:00', '17:30:00', 3, 'a:4:{i:1;s:2:\"on\";i:2;s:2:\"on\";i:3;s:2:\"on\";i:4;s:2:\"on\";}', 47, NULL),
(765, 1, '2019-06-23', '08:30:00', '10:00:00', 3, 'a:4:{i:1;s:2:\"on\";i:2;s:2:\"on\";i:3;s:2:\"on\";i:4;s:2:\"on\";}', 47, NULL),
(766, 1, '2019-06-23', '16:00:00', '17:30:00', 3, 'a:4:{i:1;s:2:\"on\";i:2;s:2:\"on\";i:3;s:2:\"on\";i:4;s:2:\"on\";}', 47, NULL),
(767, 1, '2019-06-24', '08:30:00', '10:00:00', 3, 'a:4:{i:1;s:2:\"on\";i:2;s:2:\"on\";i:3;s:2:\"on\";i:4;s:2:\"on\";}', 47, NULL),
(768, 1, '2019-06-24', '16:00:00', '17:30:00', 3, 'a:4:{i:1;s:2:\"on\";i:2;s:2:\"on\";i:3;s:2:\"on\";i:4;s:2:\"on\";}', 47, NULL),
(769, 1, '2019-06-25', '08:30:00', '10:00:00', 3, 'a:4:{i:1;s:2:\"on\";i:2;s:2:\"on\";i:3;s:2:\"on\";i:4;s:2:\"on\";}', 47, NULL),
(770, 1, '2019-06-25', '16:00:00', '17:30:00', 3, 'a:4:{i:1;s:2:\"on\";i:2;s:2:\"on\";i:3;s:2:\"on\";i:4;s:2:\"on\";}', 47, NULL),
(771, 1, '2019-06-26', '08:30:00', '10:00:00', 3, 'a:4:{i:1;s:2:\"on\";i:2;s:2:\"on\";i:3;s:2:\"on\";i:4;s:2:\"on\";}', 47, NULL),
(772, 1, '2019-06-26', '16:00:00', '17:30:00', 3, 'a:4:{i:1;s:2:\"on\";i:2;s:2:\"on\";i:3;s:2:\"on\";i:4;s:2:\"on\";}', 47, NULL),
(773, 1, '2019-06-27', '08:30:00', '10:00:00', 3, 'a:4:{i:1;s:2:\"on\";i:2;s:2:\"on\";i:3;s:2:\"on\";i:4;s:2:\"on\";}', 47, NULL),
(774, 1, '2019-06-27', '16:00:00', '17:30:00', 3, 'a:4:{i:1;s:2:\"on\";i:2;s:2:\"on\";i:3;s:2:\"on\";i:4;s:2:\"on\";}', 47, NULL),
(775, 1, '2019-06-28', '08:30:00', '10:00:00', 3, 'a:4:{i:1;s:2:\"on\";i:2;s:2:\"on\";i:3;s:2:\"on\";i:4;s:2:\"on\";}', 47, NULL),
(776, 1, '2019-06-28', '16:00:00', '17:30:00', 3, 'a:4:{i:1;s:2:\"on\";i:2;s:2:\"on\";i:3;s:2:\"on\";i:4;s:2:\"on\";}', 47, NULL),
(777, 1, '2019-06-29', '08:30:00', '10:00:00', 3, 'a:4:{i:1;s:2:\"on\";i:2;s:2:\"on\";i:3;s:2:\"on\";i:4;s:2:\"on\";}', 47, NULL),
(778, 1, '2019-06-29', '16:00:00', '17:30:00', 3, 'a:4:{i:1;s:2:\"on\";i:2;s:2:\"on\";i:3;s:2:\"on\";i:4;s:2:\"on\";}', 47, NULL),
(779, 1, '2019-06-30', '08:30:00', '10:00:00', 3, 'a:4:{i:1;s:2:\"on\";i:2;s:2:\"on\";i:3;s:2:\"on\";i:4;s:2:\"on\";}', 47, NULL),
(780, 1, '2019-06-30', '16:00:00', '17:30:00', 3, 'a:4:{i:1;s:2:\"on\";i:2;s:2:\"on\";i:3;s:2:\"on\";i:4;s:2:\"on\";}', 47, NULL),
(781, 1, '2019-07-01', '08:30:00', '10:00:00', 3, 'a:4:{i:1;s:2:\"on\";i:2;s:2:\"on\";i:3;s:2:\"on\";i:4;s:2:\"on\";}', 47, NULL),
(782, 1, '2019-07-01', '16:00:00', '17:30:00', 3, 'a:4:{i:1;s:2:\"on\";i:2;s:2:\"on\";i:3;s:2:\"on\";i:4;s:2:\"on\";}', 47, NULL),
(783, 1, '2019-07-02', '08:30:00', '10:00:00', 3, 'a:4:{i:1;s:2:\"on\";i:2;s:2:\"on\";i:3;s:2:\"on\";i:4;s:2:\"on\";}', 47, NULL),
(784, 1, '2019-07-02', '16:00:00', '17:30:00', 3, 'a:4:{i:1;s:2:\"on\";i:2;s:2:\"on\";i:3;s:2:\"on\";i:4;s:2:\"on\";}', 47, NULL),
(785, 1, '2019-07-03', '08:30:00', '10:00:00', 3, 'a:4:{i:1;s:2:\"on\";i:2;s:2:\"on\";i:3;s:2:\"on\";i:4;s:2:\"on\";}', 47, NULL),
(786, 1, '2019-07-03', '16:00:00', '17:30:00', 3, 'a:4:{i:1;s:2:\"on\";i:2;s:2:\"on\";i:3;s:2:\"on\";i:4;s:2:\"on\";}', 47, NULL),
(787, 1, '2019-07-04', '08:30:00', '10:00:00', 3, 'a:4:{i:1;s:2:\"on\";i:2;s:2:\"on\";i:3;s:2:\"on\";i:4;s:2:\"on\";}', 47, NULL),
(788, 1, '2019-07-04', '16:00:00', '17:30:00', 3, 'a:4:{i:1;s:2:\"on\";i:2;s:2:\"on\";i:3;s:2:\"on\";i:4;s:2:\"on\";}', 47, NULL),
(789, 1, '2019-07-05', '08:30:00', '10:00:00', 3, 'a:4:{i:1;s:2:\"on\";i:2;s:2:\"on\";i:3;s:2:\"on\";i:4;s:2:\"on\";}', 47, NULL),
(790, 1, '2019-07-05', '16:00:00', '17:30:00', 3, 'a:4:{i:1;s:2:\"on\";i:2;s:2:\"on\";i:3;s:2:\"on\";i:4;s:2:\"on\";}', 47, NULL),
(791, 1, '2019-07-06', '08:30:00', '10:00:00', 3, 'a:4:{i:1;s:2:\"on\";i:2;s:2:\"on\";i:3;s:2:\"on\";i:4;s:2:\"on\";}', 47, NULL),
(792, 1, '2019-07-06', '16:00:00', '17:30:00', 3, 'a:4:{i:1;s:2:\"on\";i:2;s:2:\"on\";i:3;s:2:\"on\";i:4;s:2:\"on\";}', 47, NULL),
(793, 1, '2019-07-07', '08:30:00', '10:00:00', 3, 'a:4:{i:1;s:2:\"on\";i:2;s:2:\"on\";i:3;s:2:\"on\";i:4;s:2:\"on\";}', 47, NULL),
(794, 1, '2019-07-07', '16:00:00', '17:30:00', 3, 'a:4:{i:1;s:2:\"on\";i:2;s:2:\"on\";i:3;s:2:\"on\";i:4;s:2:\"on\";}', 47, NULL),
(795, 1, '2019-07-08', '08:30:00', '10:00:00', 3, 'a:4:{i:1;s:2:\"on\";i:2;s:2:\"on\";i:3;s:2:\"on\";i:4;s:2:\"on\";}', 47, NULL),
(796, 1, '2019-07-08', '16:00:00', '17:30:00', 3, 'a:4:{i:1;s:2:\"on\";i:2;s:2:\"on\";i:3;s:2:\"on\";i:4;s:2:\"on\";}', 47, NULL),
(797, 1, '2019-07-09', '08:30:00', '10:00:00', 3, 'a:4:{i:1;s:2:\"on\";i:2;s:2:\"on\";i:3;s:2:\"on\";i:4;s:2:\"on\";}', 47, NULL),
(798, 1, '2019-07-09', '16:00:00', '17:30:00', 3, 'a:4:{i:1;s:2:\"on\";i:2;s:2:\"on\";i:3;s:2:\"on\";i:4;s:2:\"on\";}', 47, NULL),
(799, 1, '2019-07-10', '08:30:00', '10:00:00', 3, 'a:4:{i:1;s:2:\"on\";i:2;s:2:\"on\";i:3;s:2:\"on\";i:4;s:2:\"on\";}', 47, NULL),
(800, 1, '2019-07-10', '16:00:00', '17:30:00', 3, 'a:4:{i:1;s:2:\"on\";i:2;s:2:\"on\";i:3;s:2:\"on\";i:4;s:2:\"on\";}', 47, NULL),
(801, 1, '2019-07-11', '08:30:00', '10:00:00', 3, 'a:4:{i:1;s:2:\"on\";i:2;s:2:\"on\";i:3;s:2:\"on\";i:4;s:2:\"on\";}', 47, NULL),
(802, 1, '2019-07-11', '16:00:00', '17:30:00', 3, 'a:4:{i:1;s:2:\"on\";i:2;s:2:\"on\";i:3;s:2:\"on\";i:4;s:2:\"on\";}', 47, NULL),
(803, 1, '2019-06-21', '08:30:00', '10:00:00', 3, NULL, 48, NULL),
(804, 1, '2019-06-21', '16:00:00', '17:30:00', 3, NULL, 48, NULL),
(805, 1, '2019-06-21', '08:30:00', '10:00:00', 3, NULL, 48, NULL),
(806, 1, '2019-06-21', '16:00:00', '17:30:00', 3, NULL, 48, NULL),
(807, 8, '2019-07-12', '11:30:00', '13:00:00', 0, NULL, 51, NULL),
(808, 8, '2019-07-12', '18:30:00', '20:00:00', 0, NULL, 51, NULL),
(809, 8, '2019-07-12', '11:30:00', '13:00:00', 0, NULL, 51, NULL),
(810, 8, '2019-07-12', '18:30:00', '20:00:00', 0, NULL, 51, NULL),
(811, 8, '2019-07-13', '11:30:00', '13:00:00', 0, NULL, 51, NULL),
(812, 8, '2019-07-13', '18:30:00', '20:00:00', 0, NULL, 51, NULL),
(813, 8, '2019-07-14', '11:30:00', '13:00:00', 0, NULL, 51, NULL),
(814, 8, '2019-07-14', '18:30:00', '20:00:00', 0, NULL, 51, NULL),
(815, 8, '2019-07-15', '11:30:00', '13:00:00', 0, NULL, 51, NULL),
(816, 8, '2019-07-15', '18:30:00', '20:00:00', 0, NULL, 51, NULL),
(817, 8, '2019-07-16', '11:30:00', '13:00:00', 0, NULL, 51, NULL),
(818, 8, '2019-07-16', '18:30:00', '20:00:00', 0, NULL, 51, NULL),
(819, 8, '2019-07-17', '11:30:00', '13:00:00', 0, NULL, 51, NULL),
(820, 8, '2019-07-17', '18:30:00', '20:00:00', 0, NULL, 51, NULL),
(821, 8, '2019-07-18', '11:30:00', '13:00:00', 0, NULL, 51, NULL),
(822, 8, '2019-07-18', '18:30:00', '20:00:00', 0, NULL, 51, NULL),
(823, 8, '2019-07-19', '11:30:00', '13:00:00', 0, NULL, 51, NULL),
(824, 8, '2019-07-19', '18:30:00', '20:00:00', 0, NULL, 51, NULL),
(825, 8, '2019-07-20', '11:30:00', '13:00:00', 0, NULL, 51, NULL),
(826, 8, '2019-07-20', '18:30:00', '20:00:00', 0, NULL, 51, NULL),
(827, 8, '2019-07-21', '11:30:00', '13:00:00', 0, NULL, 51, NULL),
(828, 8, '2019-07-21', '18:30:00', '20:00:00', 0, NULL, 51, NULL),
(829, 8, '2019-07-22', '11:30:00', '13:00:00', 0, NULL, 51, NULL),
(830, 8, '2019-07-22', '18:30:00', '20:00:00', 0, NULL, 51, NULL),
(831, 8, '2019-07-23', '11:30:00', '13:00:00', 0, NULL, 51, NULL),
(832, 8, '2019-07-23', '18:30:00', '20:00:00', 0, NULL, 51, NULL),
(833, 8, '2019-07-24', '11:30:00', '13:00:00', 0, NULL, 51, NULL),
(834, 8, '2019-07-24', '18:30:00', '20:00:00', 0, NULL, 51, NULL),
(835, 8, '2019-07-25', '11:30:00', '13:00:00', 0, NULL, 51, NULL),
(836, 8, '2019-07-25', '18:30:00', '20:00:00', 0, NULL, 51, NULL),
(837, 8, '2019-07-26', '11:30:00', '13:00:00', 0, NULL, 51, NULL),
(838, 8, '2019-07-26', '18:30:00', '20:00:00', 0, NULL, 51, NULL),
(839, 8, '2019-07-27', '11:30:00', '13:00:00', 0, NULL, 51, NULL),
(840, 8, '2019-07-27', '18:30:00', '20:00:00', 0, NULL, 51, NULL),
(841, 8, '2019-07-28', '11:30:00', '13:00:00', 0, NULL, 51, NULL),
(842, 8, '2019-07-28', '18:30:00', '20:00:00', 0, NULL, 51, NULL),
(843, 8, '2019-07-29', '11:30:00', '13:00:00', 0, NULL, 51, NULL),
(844, 8, '2019-07-29', '18:30:00', '20:00:00', 0, NULL, 51, NULL),
(845, 8, '2019-07-30', '11:30:00', '13:00:00', 0, NULL, 51, NULL),
(846, 8, '2019-07-30', '18:30:00', '20:00:00', 0, NULL, 51, NULL),
(847, 8, '2019-07-31', '11:30:00', '13:00:00', 0, NULL, 51, NULL),
(848, 8, '2019-07-31', '18:30:00', '20:00:00', 0, NULL, 51, NULL),
(849, 8, '2019-08-01', '11:30:00', '13:00:00', 0, NULL, 51, NULL),
(850, 8, '2019-08-01', '18:30:00', '20:00:00', 0, NULL, 51, NULL),
(851, 8, '2019-08-02', '11:30:00', '13:00:00', 0, NULL, 51, NULL),
(852, 8, '2019-08-02', '18:30:00', '20:00:00', 0, NULL, 51, NULL),
(853, 8, '2019-08-03', '11:30:00', '13:00:00', 0, NULL, 51, NULL),
(854, 8, '2019-08-03', '18:30:00', '20:00:00', 0, NULL, 51, NULL),
(855, 8, '2019-08-04', '11:30:00', '13:00:00', 0, NULL, 51, NULL),
(856, 8, '2019-08-04', '18:30:00', '20:00:00', 0, NULL, 51, NULL),
(857, 8, '2019-08-05', '11:30:00', '13:00:00', 0, NULL, 51, NULL),
(858, 8, '2019-08-05', '18:30:00', '20:00:00', 0, NULL, 51, NULL),
(859, 8, '2019-08-06', '11:30:00', '13:00:00', 0, NULL, 51, NULL),
(860, 8, '2019-08-06', '18:30:00', '20:00:00', 0, NULL, 51, NULL),
(861, 8, '2019-08-07', '11:30:00', '13:00:00', 0, NULL, 51, NULL),
(862, 8, '2019-08-07', '18:30:00', '20:00:00', 0, NULL, 51, NULL),
(863, 8, '2019-08-08', '11:30:00', '13:00:00', 0, NULL, 51, NULL),
(864, 8, '2019-08-08', '18:30:00', '20:00:00', 0, NULL, 51, NULL),
(865, 8, '2019-07-12', '11:30:00', '13:00:00', 0, NULL, 51, NULL),
(866, 8, '2019-07-12', '18:30:00', '20:00:00', 0, NULL, 51, NULL),
(867, 8, '2019-07-13', '11:30:00', '13:00:00', 0, NULL, 51, NULL),
(868, 8, '2019-07-13', '18:30:00', '20:00:00', 0, NULL, 51, NULL),
(869, 8, '2019-07-14', '11:30:00', '13:00:00', 0, NULL, 51, NULL),
(870, 8, '2019-07-14', '18:30:00', '20:00:00', 0, NULL, 51, NULL),
(871, 8, '2019-07-15', '11:30:00', '13:00:00', 0, NULL, 51, NULL),
(872, 8, '2019-07-15', '18:30:00', '20:00:00', 0, NULL, 51, NULL),
(873, 8, '2019-07-16', '11:30:00', '13:00:00', 0, NULL, 51, NULL),
(874, 8, '2019-07-16', '18:30:00', '20:00:00', 0, NULL, 51, NULL),
(875, 8, '2019-07-17', '11:30:00', '13:00:00', 0, NULL, 51, NULL),
(876, 8, '2019-07-17', '18:30:00', '20:00:00', 0, NULL, 51, NULL),
(877, 8, '2019-07-18', '11:30:00', '13:00:00', 0, NULL, 51, NULL),
(878, 8, '2019-07-18', '18:30:00', '20:00:00', 0, NULL, 51, NULL),
(879, 8, '2019-07-19', '11:30:00', '13:00:00', 0, NULL, 51, NULL),
(880, 8, '2019-07-19', '18:30:00', '20:00:00', 0, NULL, 51, NULL),
(881, 8, '2019-07-20', '11:30:00', '13:00:00', 0, NULL, 51, NULL),
(882, 8, '2019-07-20', '18:30:00', '20:00:00', 0, NULL, 51, NULL),
(883, 8, '2019-07-21', '11:30:00', '13:00:00', 0, NULL, 51, NULL),
(884, 8, '2019-07-21', '18:30:00', '20:00:00', 0, NULL, 51, NULL),
(885, 8, '2019-07-22', '11:30:00', '13:00:00', 0, NULL, 51, NULL),
(886, 8, '2019-07-22', '18:30:00', '20:00:00', 0, NULL, 51, NULL),
(887, 8, '2019-07-23', '11:30:00', '13:00:00', 0, NULL, 51, NULL),
(888, 8, '2019-07-23', '18:30:00', '20:00:00', 0, NULL, 51, NULL),
(889, 8, '2019-07-24', '11:30:00', '13:00:00', 0, NULL, 51, NULL),
(890, 8, '2019-07-24', '18:30:00', '20:00:00', 0, NULL, 51, NULL),
(891, 8, '2019-07-25', '11:30:00', '13:00:00', 0, NULL, 51, NULL),
(892, 8, '2019-07-25', '18:30:00', '20:00:00', 0, NULL, 51, NULL),
(893, 8, '2019-07-26', '11:30:00', '13:00:00', 0, NULL, 51, NULL),
(894, 8, '2019-07-26', '18:30:00', '20:00:00', 0, NULL, 51, NULL),
(895, 8, '2019-07-27', '11:30:00', '13:00:00', 0, NULL, 51, NULL),
(896, 8, '2019-07-27', '18:30:00', '20:00:00', 0, NULL, 51, NULL),
(897, 8, '2019-07-28', '11:30:00', '13:00:00', 0, NULL, 51, NULL),
(898, 8, '2019-07-28', '18:30:00', '20:00:00', 0, NULL, 51, NULL),
(899, 8, '2019-07-29', '11:30:00', '13:00:00', 0, NULL, 51, NULL),
(900, 8, '2019-07-29', '18:30:00', '20:00:00', 0, NULL, 51, NULL),
(901, 8, '2019-07-30', '11:30:00', '13:00:00', 0, NULL, 51, NULL),
(902, 8, '2019-07-30', '18:30:00', '20:00:00', 0, NULL, 51, NULL),
(903, 8, '2019-07-31', '11:30:00', '13:00:00', 0, NULL, 51, NULL),
(904, 8, '2019-07-31', '18:30:00', '20:00:00', 0, NULL, 51, NULL),
(905, 8, '2019-08-01', '11:30:00', '13:00:00', 0, NULL, 51, NULL),
(906, 8, '2019-08-01', '18:30:00', '20:00:00', 0, NULL, 51, NULL),
(907, 8, '2019-08-02', '11:30:00', '13:00:00', 0, NULL, 51, NULL),
(908, 8, '2019-08-02', '18:30:00', '20:00:00', 0, NULL, 51, NULL),
(909, 8, '2019-08-03', '11:30:00', '13:00:00', 0, NULL, 51, NULL),
(910, 8, '2019-08-03', '18:30:00', '20:00:00', 0, NULL, 51, NULL),
(911, 8, '2019-08-04', '11:30:00', '13:00:00', 0, NULL, 51, NULL),
(912, 8, '2019-08-04', '18:30:00', '20:00:00', 0, NULL, 51, NULL),
(913, 8, '2019-07-12', '11:30:00', '13:00:00', 0, NULL, 51, NULL),
(914, 8, '2019-07-12', '18:30:00', '20:00:00', 0, NULL, 51, NULL),
(915, 8, '2019-07-13', '11:30:00', '13:00:00', 0, NULL, 51, NULL),
(916, 8, '2019-07-13', '18:30:00', '20:00:00', 0, NULL, 51, NULL),
(917, 8, '2019-07-14', '11:30:00', '13:00:00', 0, NULL, 51, NULL),
(918, 8, '2019-07-14', '18:30:00', '20:00:00', 0, NULL, 51, NULL),
(919, 8, '2019-07-15', '11:30:00', '13:00:00', 0, NULL, 51, NULL),
(920, 8, '2019-07-15', '18:30:00', '20:00:00', 0, NULL, 51, NULL),
(921, 8, '2019-07-16', '11:30:00', '13:00:00', 0, NULL, 51, NULL),
(922, 8, '2019-07-16', '18:30:00', '20:00:00', 0, NULL, 51, NULL),
(923, 8, '2019-07-17', '11:30:00', '13:00:00', 0, NULL, 51, NULL),
(924, 8, '2019-07-17', '18:30:00', '20:00:00', 0, NULL, 51, NULL),
(925, 8, '2019-07-18', '11:30:00', '13:00:00', 0, NULL, 51, NULL),
(926, 8, '2019-07-18', '18:30:00', '20:00:00', 0, NULL, 51, NULL),
(927, 8, '2019-07-19', '11:30:00', '13:00:00', 0, NULL, 51, NULL),
(928, 8, '2019-07-19', '18:30:00', '20:00:00', 0, NULL, 51, NULL),
(929, 8, '2019-07-20', '11:30:00', '13:00:00', 0, NULL, 51, NULL),
(930, 8, '2019-07-20', '18:30:00', '20:00:00', 0, NULL, 51, NULL),
(931, 8, '2019-07-21', '11:30:00', '13:00:00', 0, NULL, 51, NULL),
(932, 8, '2019-07-21', '18:30:00', '20:00:00', 0, NULL, 51, NULL),
(933, 8, '2019-07-22', '11:30:00', '13:00:00', 0, NULL, 51, NULL),
(934, 8, '2019-07-22', '18:30:00', '20:00:00', 0, NULL, 51, NULL),
(935, 8, '2019-07-23', '11:30:00', '13:00:00', 0, NULL, 51, NULL),
(936, 8, '2019-07-23', '18:30:00', '20:00:00', 0, NULL, 51, NULL),
(937, 8, '2019-07-24', '11:30:00', '13:00:00', 0, NULL, 51, NULL),
(938, 8, '2019-07-24', '18:30:00', '20:00:00', 0, NULL, 51, NULL),
(939, 8, '2019-07-25', '11:30:00', '13:00:00', 0, NULL, 51, NULL),
(940, 8, '2019-07-25', '18:30:00', '20:00:00', 0, NULL, 51, NULL),
(941, 8, '2019-07-26', '11:30:00', '13:00:00', 0, NULL, 51, NULL),
(942, 8, '2019-07-26', '18:30:00', '20:00:00', 0, NULL, 51, NULL),
(943, 8, '2019-07-27', '11:30:00', '13:00:00', 0, NULL, 51, NULL),
(944, 8, '2019-07-27', '18:30:00', '20:00:00', 0, NULL, 51, NULL),
(945, 8, '2019-07-28', '11:30:00', '13:00:00', 0, NULL, 51, NULL),
(946, 8, '2019-07-28', '18:30:00', '20:00:00', 0, NULL, 51, NULL),
(947, 8, '2019-07-29', '11:30:00', '13:00:00', 0, NULL, 51, NULL),
(948, 8, '2019-07-29', '18:30:00', '20:00:00', 0, NULL, 51, NULL),
(949, 8, '2019-07-30', '11:30:00', '13:00:00', 0, NULL, 51, NULL),
(950, 8, '2019-07-30', '18:30:00', '20:00:00', 0, NULL, 51, NULL),
(951, 8, '2019-07-31', '11:30:00', '13:00:00', 0, NULL, 51, NULL),
(952, 8, '2019-07-31', '18:30:00', '20:00:00', 0, NULL, 51, NULL),
(953, 8, '2019-08-01', '11:30:00', '13:00:00', 0, NULL, 51, NULL),
(954, 8, '2019-08-01', '18:30:00', '20:00:00', 0, NULL, 51, NULL),
(955, 8, '2019-08-02', '11:30:00', '13:00:00', 0, NULL, 51, NULL),
(956, 8, '2019-08-02', '18:30:00', '20:00:00', 0, NULL, 51, NULL),
(957, 8, '2019-08-03', '11:30:00', '13:00:00', 0, NULL, 51, NULL),
(958, 8, '2019-08-03', '18:30:00', '20:00:00', 0, NULL, 51, NULL),
(959, 8, '2019-08-04', '11:30:00', '13:00:00', 0, NULL, 51, NULL),
(960, 8, '2019-08-04', '18:30:00', '20:00:00', 0, NULL, 51, NULL),
(961, 8, '2019-08-05', '11:30:00', '13:00:00', 0, NULL, 51, NULL),
(962, 8, '2019-08-05', '18:30:00', '20:00:00', 0, NULL, 51, NULL),
(963, 8, '2019-08-06', '11:30:00', '13:00:00', 0, NULL, 51, NULL),
(964, 8, '2019-08-06', '18:30:00', '20:00:00', 0, NULL, 51, NULL),
(965, 8, '2019-08-07', '11:30:00', '13:00:00', 0, NULL, 51, NULL),
(966, 8, '2019-08-07', '18:30:00', '20:00:00', 0, NULL, 51, NULL),
(967, 8, '2019-08-08', '11:30:00', '13:00:00', 0, NULL, 51, NULL),
(968, 8, '2019-08-08', '18:30:00', '20:00:00', 0, NULL, 51, NULL),
(969, 1, '2018-10-10', '07:00:00', '09:00:00', 3, NULL, 52, NULL),
(970, 1, '2018-10-10', '14:00:00', '16:00:00', 3, NULL, 52, NULL),
(971, 1, '2018-10-11', '07:00:00', '09:00:00', 3, NULL, 52, NULL),
(972, 1, '2018-10-11', '14:00:00', '16:00:00', 3, NULL, 52, NULL),
(973, 1, '2018-10-12', '07:00:00', '09:00:00', 3, NULL, 52, NULL),
(974, 1, '2018-10-12', '14:00:00', '16:00:00', 3, NULL, 52, NULL),
(975, 1, '2018-10-13', '07:00:00', '09:00:00', 3, NULL, 52, NULL),
(976, 1, '2018-10-13', '14:00:00', '16:00:00', 3, NULL, 52, NULL),
(977, 1, '2018-10-14', '07:00:00', '09:00:00', 3, NULL, 52, NULL),
(978, 1, '2018-10-14', '14:00:00', '16:00:00', 3, NULL, 52, NULL),
(979, 1, '2018-10-15', '07:00:00', '09:00:00', 3, NULL, 52, NULL),
(980, 1, '2018-10-15', '14:00:00', '16:00:00', 3, NULL, 52, NULL),
(981, 1, '2018-10-16', '07:00:00', '09:00:00', 3, NULL, 52, NULL),
(982, 1, '2018-10-16', '14:00:00', '16:00:00', 3, NULL, 52, NULL),
(983, 1, '2018-10-17', '07:00:00', '09:00:00', 3, NULL, 52, NULL),
(984, 1, '2018-10-17', '14:00:00', '16:00:00', 3, NULL, 52, NULL),
(985, 4, '2018-10-09', '11:30:00', '11:30:00', 0, NULL, 35, NULL),
(986, 4, '2018-10-11', '11:30:00', '11:30:00', 0, NULL, 35, NULL);
INSERT INTO `schedule` (`id`, `facility_id`, `date`, `time_from`, `time_to`, `parts`, `lanes`, `account_id`, `deleted`) VALUES
(987, 4, '2018-10-13', '11:30:00', '11:30:00', 0, NULL, 35, NULL),
(988, 4, '2018-10-15', '11:30:00', '11:30:00', 0, NULL, 35, NULL),
(989, 4, '2018-10-17', '11:30:00', '11:30:00', 0, NULL, 35, NULL),
(990, 4, '2018-10-19', '11:30:00', '11:30:00', 0, NULL, 35, NULL),
(991, 4, '2018-10-20', '11:30:00', '11:30:00', 0, NULL, 35, NULL),
(992, 4, '2018-10-21', '11:30:00', '11:30:00', 0, NULL, 35, NULL),
(993, 6, '2018-10-10', '12:00:00', '13:15:00', 0, NULL, 35, NULL),
(994, 6, '2018-10-14', '12:00:00', '13:15:00', 0, NULL, 35, NULL),
(995, 6, '2018-10-18', '12:00:00', '13:15:00', 0, NULL, 35, NULL),
(996, 1, '2019-06-21', '08:30:00', '10:00:00', 3, 'a:4:{i:5;s:2:\"on\";i:6;s:2:\"on\";i:7;s:2:\"on\";i:8;s:2:\"on\";}', 53, NULL),
(997, 1, '2019-06-21', '16:00:00', '17:30:00', 3, 'a:4:{i:5;s:2:\"on\";i:6;s:2:\"on\";i:7;s:2:\"on\";i:8;s:2:\"on\";}', 53, NULL),
(998, 1, '2019-06-21', '08:30:00', '10:00:00', 3, 'a:4:{i:5;s:2:\"on\";i:6;s:2:\"on\";i:7;s:2:\"on\";i:8;s:2:\"on\";}', 53, NULL),
(999, 1, '2019-06-21', '16:00:00', '17:30:00', 3, 'a:4:{i:5;s:2:\"on\";i:6;s:2:\"on\";i:7;s:2:\"on\";i:8;s:2:\"on\";}', 53, NULL),
(1000, 1, '2019-06-22', '08:30:00', '10:00:00', 3, 'a:4:{i:5;s:2:\"on\";i:6;s:2:\"on\";i:7;s:2:\"on\";i:8;s:2:\"on\";}', 53, NULL),
(1001, 1, '2019-06-22', '16:00:00', '17:30:00', 3, 'a:4:{i:5;s:2:\"on\";i:6;s:2:\"on\";i:7;s:2:\"on\";i:8;s:2:\"on\";}', 53, NULL),
(1002, 1, '2019-06-23', '08:30:00', '10:00:00', 3, 'a:4:{i:5;s:2:\"on\";i:6;s:2:\"on\";i:7;s:2:\"on\";i:8;s:2:\"on\";}', 53, NULL),
(1003, 1, '2019-06-23', '16:00:00', '17:30:00', 3, 'a:4:{i:5;s:2:\"on\";i:6;s:2:\"on\";i:7;s:2:\"on\";i:8;s:2:\"on\";}', 53, NULL),
(1004, 1, '2019-06-24', '08:30:00', '10:00:00', 3, 'a:4:{i:5;s:2:\"on\";i:6;s:2:\"on\";i:7;s:2:\"on\";i:8;s:2:\"on\";}', 53, NULL),
(1005, 1, '2019-06-24', '16:00:00', '17:30:00', 3, 'a:4:{i:5;s:2:\"on\";i:6;s:2:\"on\";i:7;s:2:\"on\";i:8;s:2:\"on\";}', 53, NULL),
(1006, 1, '2019-06-25', '08:30:00', '10:00:00', 3, 'a:4:{i:5;s:2:\"on\";i:6;s:2:\"on\";i:7;s:2:\"on\";i:8;s:2:\"on\";}', 53, NULL),
(1007, 1, '2019-06-25', '16:00:00', '17:30:00', 3, 'a:4:{i:5;s:2:\"on\";i:6;s:2:\"on\";i:7;s:2:\"on\";i:8;s:2:\"on\";}', 53, NULL),
(1008, 1, '2019-06-26', '08:30:00', '10:00:00', 3, 'a:4:{i:5;s:2:\"on\";i:6;s:2:\"on\";i:7;s:2:\"on\";i:8;s:2:\"on\";}', 53, NULL),
(1009, 1, '2019-06-26', '16:00:00', '17:30:00', 3, 'a:4:{i:5;s:2:\"on\";i:6;s:2:\"on\";i:7;s:2:\"on\";i:8;s:2:\"on\";}', 53, NULL),
(1010, 1, '2019-06-27', '08:30:00', '10:00:00', 3, 'a:4:{i:5;s:2:\"on\";i:6;s:2:\"on\";i:7;s:2:\"on\";i:8;s:2:\"on\";}', 53, NULL),
(1011, 1, '2019-06-27', '16:00:00', '17:30:00', 3, 'a:4:{i:5;s:2:\"on\";i:6;s:2:\"on\";i:7;s:2:\"on\";i:8;s:2:\"on\";}', 53, NULL),
(1012, 1, '2019-06-28', '08:30:00', '10:00:00', 3, 'a:4:{i:5;s:2:\"on\";i:6;s:2:\"on\";i:7;s:2:\"on\";i:8;s:2:\"on\";}', 53, NULL),
(1013, 1, '2019-06-28', '16:00:00', '17:30:00', 3, 'a:4:{i:5;s:2:\"on\";i:6;s:2:\"on\";i:7;s:2:\"on\";i:8;s:2:\"on\";}', 53, NULL),
(1014, 1, '2019-06-29', '08:30:00', '10:00:00', 3, 'a:4:{i:5;s:2:\"on\";i:6;s:2:\"on\";i:7;s:2:\"on\";i:8;s:2:\"on\";}', 53, NULL),
(1015, 1, '2019-06-29', '16:00:00', '17:30:00', 3, 'a:4:{i:5;s:2:\"on\";i:6;s:2:\"on\";i:7;s:2:\"on\";i:8;s:2:\"on\";}', 53, NULL),
(1016, 1, '2019-06-30', '08:30:00', '10:00:00', 3, 'a:4:{i:5;s:2:\"on\";i:6;s:2:\"on\";i:7;s:2:\"on\";i:8;s:2:\"on\";}', 53, NULL),
(1017, 1, '2019-06-30', '16:00:00', '17:30:00', 3, 'a:4:{i:5;s:2:\"on\";i:6;s:2:\"on\";i:7;s:2:\"on\";i:8;s:2:\"on\";}', 53, NULL),
(1018, 1, '2019-07-01', '08:30:00', '10:00:00', 3, 'a:4:{i:5;s:2:\"on\";i:6;s:2:\"on\";i:7;s:2:\"on\";i:8;s:2:\"on\";}', 53, NULL),
(1019, 1, '2019-07-01', '16:00:00', '17:30:00', 3, 'a:4:{i:5;s:2:\"on\";i:6;s:2:\"on\";i:7;s:2:\"on\";i:8;s:2:\"on\";}', 53, NULL),
(1020, 1, '2019-07-02', '08:30:00', '10:00:00', 3, 'a:4:{i:5;s:2:\"on\";i:6;s:2:\"on\";i:7;s:2:\"on\";i:8;s:2:\"on\";}', 53, NULL),
(1021, 1, '2019-07-02', '16:00:00', '17:30:00', 3, 'a:4:{i:5;s:2:\"on\";i:6;s:2:\"on\";i:7;s:2:\"on\";i:8;s:2:\"on\";}', 53, NULL),
(1022, 1, '2019-07-03', '08:30:00', '10:00:00', 3, 'a:4:{i:5;s:2:\"on\";i:6;s:2:\"on\";i:7;s:2:\"on\";i:8;s:2:\"on\";}', 53, NULL),
(1023, 1, '2019-07-03', '16:00:00', '17:30:00', 3, 'a:4:{i:5;s:2:\"on\";i:6;s:2:\"on\";i:7;s:2:\"on\";i:8;s:2:\"on\";}', 53, NULL),
(1024, 1, '2019-07-04', '08:30:00', '10:00:00', 3, 'a:4:{i:5;s:2:\"on\";i:6;s:2:\"on\";i:7;s:2:\"on\";i:8;s:2:\"on\";}', 53, NULL),
(1025, 1, '2019-07-04', '16:00:00', '17:30:00', 3, 'a:4:{i:5;s:2:\"on\";i:6;s:2:\"on\";i:7;s:2:\"on\";i:8;s:2:\"on\";}', 53, NULL),
(1026, 1, '2019-07-05', '08:30:00', '10:00:00', 3, 'a:4:{i:5;s:2:\"on\";i:6;s:2:\"on\";i:7;s:2:\"on\";i:8;s:2:\"on\";}', 53, NULL),
(1027, 1, '2019-07-05', '16:00:00', '17:30:00', 3, 'a:4:{i:5;s:2:\"on\";i:6;s:2:\"on\";i:7;s:2:\"on\";i:8;s:2:\"on\";}', 53, NULL),
(1028, 1, '2019-07-06', '08:30:00', '10:00:00', 3, 'a:4:{i:5;s:2:\"on\";i:6;s:2:\"on\";i:7;s:2:\"on\";i:8;s:2:\"on\";}', 53, NULL),
(1029, 1, '2019-07-06', '16:00:00', '17:30:00', 3, 'a:4:{i:5;s:2:\"on\";i:6;s:2:\"on\";i:7;s:2:\"on\";i:8;s:2:\"on\";}', 53, NULL),
(1030, 1, '2019-07-07', '08:30:00', '10:00:00', 3, 'a:4:{i:5;s:2:\"on\";i:6;s:2:\"on\";i:7;s:2:\"on\";i:8;s:2:\"on\";}', 53, NULL),
(1031, 1, '2019-07-07', '16:00:00', '17:30:00', 3, 'a:4:{i:5;s:2:\"on\";i:6;s:2:\"on\";i:7;s:2:\"on\";i:8;s:2:\"on\";}', 53, NULL),
(1032, 1, '2019-07-08', '08:30:00', '10:00:00', 3, 'a:4:{i:5;s:2:\"on\";i:6;s:2:\"on\";i:7;s:2:\"on\";i:8;s:2:\"on\";}', 53, NULL),
(1033, 1, '2019-07-08', '16:00:00', '17:30:00', 3, 'a:4:{i:5;s:2:\"on\";i:6;s:2:\"on\";i:7;s:2:\"on\";i:8;s:2:\"on\";}', 53, NULL),
(1034, 1, '2019-07-09', '08:30:00', '10:00:00', 3, 'a:4:{i:5;s:2:\"on\";i:6;s:2:\"on\";i:7;s:2:\"on\";i:8;s:2:\"on\";}', 53, NULL),
(1035, 1, '2019-07-09', '16:00:00', '17:30:00', 3, 'a:4:{i:5;s:2:\"on\";i:6;s:2:\"on\";i:7;s:2:\"on\";i:8;s:2:\"on\";}', 53, NULL),
(1036, 1, '2019-07-10', '08:30:00', '10:00:00', 3, 'a:4:{i:5;s:2:\"on\";i:6;s:2:\"on\";i:7;s:2:\"on\";i:8;s:2:\"on\";}', 53, NULL),
(1037, 1, '2019-07-10', '16:00:00', '17:30:00', 3, 'a:4:{i:5;s:2:\"on\";i:6;s:2:\"on\";i:7;s:2:\"on\";i:8;s:2:\"on\";}', 53, NULL),
(1038, 1, '2019-07-11', '08:30:00', '10:00:00', 3, 'a:4:{i:5;s:2:\"on\";i:6;s:2:\"on\";i:7;s:2:\"on\";i:8;s:2:\"on\";}', 53, NULL),
(1039, 1, '2019-07-11', '16:00:00', '17:30:00', 3, 'a:4:{i:5;s:2:\"on\";i:6;s:2:\"on\";i:7;s:2:\"on\";i:8;s:2:\"on\";}', 53, NULL),
(1040, 1, '2019-07-12', '07:00:00', '08:30:00', 5, 'a:6:{i:1;s:2:\"on\";i:2;s:2:\"on\";i:3;s:2:\"on\";i:4;s:2:\"on\";i:5;s:2:\"on\";i:6;s:2:\"on\";}', 54, NULL),
(1041, 1, '2019-07-12', '14:30:00', '16:00:00', 5, 'a:6:{i:1;s:2:\"on\";i:2;s:2:\"on\";i:3;s:2:\"on\";i:4;s:2:\"on\";i:5;s:2:\"on\";i:6;s:2:\"on\";}', 54, NULL),
(1042, 1, '2019-07-12', '07:00:00', '08:30:00', 5, 'a:6:{i:1;s:2:\"on\";i:2;s:2:\"on\";i:3;s:2:\"on\";i:4;s:2:\"on\";i:5;s:2:\"on\";i:6;s:2:\"on\";}', 54, NULL),
(1043, 1, '2019-07-12', '14:30:00', '16:00:00', 5, 'a:6:{i:1;s:2:\"on\";i:2;s:2:\"on\";i:3;s:2:\"on\";i:4;s:2:\"on\";i:5;s:2:\"on\";i:6;s:2:\"on\";}', 54, NULL),
(1044, 1, '2019-07-13', '07:00:00', '08:30:00', 5, 'a:6:{i:1;s:2:\"on\";i:2;s:2:\"on\";i:3;s:2:\"on\";i:4;s:2:\"on\";i:5;s:2:\"on\";i:6;s:2:\"on\";}', 54, NULL),
(1045, 1, '2019-07-13', '14:30:00', '16:00:00', 5, 'a:6:{i:1;s:2:\"on\";i:2;s:2:\"on\";i:3;s:2:\"on\";i:4;s:2:\"on\";i:5;s:2:\"on\";i:6;s:2:\"on\";}', 54, NULL),
(1046, 1, '2019-07-14', '07:00:00', '08:30:00', 5, 'a:6:{i:1;s:2:\"on\";i:2;s:2:\"on\";i:3;s:2:\"on\";i:4;s:2:\"on\";i:5;s:2:\"on\";i:6;s:2:\"on\";}', 54, NULL),
(1047, 1, '2019-07-14', '14:30:00', '16:00:00', 5, 'a:6:{i:1;s:2:\"on\";i:2;s:2:\"on\";i:3;s:2:\"on\";i:4;s:2:\"on\";i:5;s:2:\"on\";i:6;s:2:\"on\";}', 54, NULL),
(1048, 1, '2019-07-15', '07:00:00', '08:30:00', 5, 'a:6:{i:1;s:2:\"on\";i:2;s:2:\"on\";i:3;s:2:\"on\";i:4;s:2:\"on\";i:5;s:2:\"on\";i:6;s:2:\"on\";}', 54, NULL),
(1049, 1, '2019-07-15', '14:30:00', '16:00:00', 5, 'a:6:{i:1;s:2:\"on\";i:2;s:2:\"on\";i:3;s:2:\"on\";i:4;s:2:\"on\";i:5;s:2:\"on\";i:6;s:2:\"on\";}', 54, NULL),
(1050, 1, '2019-07-16', '07:00:00', '08:30:00', 5, 'a:6:{i:1;s:2:\"on\";i:2;s:2:\"on\";i:3;s:2:\"on\";i:4;s:2:\"on\";i:5;s:2:\"on\";i:6;s:2:\"on\";}', 54, NULL),
(1051, 1, '2019-07-16', '14:30:00', '16:00:00', 5, 'a:6:{i:1;s:2:\"on\";i:2;s:2:\"on\";i:3;s:2:\"on\";i:4;s:2:\"on\";i:5;s:2:\"on\";i:6;s:2:\"on\";}', 54, NULL),
(1052, 1, '2019-07-17', '07:00:00', '08:30:00', 5, 'a:6:{i:1;s:2:\"on\";i:2;s:2:\"on\";i:3;s:2:\"on\";i:4;s:2:\"on\";i:5;s:2:\"on\";i:6;s:2:\"on\";}', 54, NULL),
(1053, 1, '2019-07-17', '14:30:00', '16:00:00', 5, 'a:6:{i:1;s:2:\"on\";i:2;s:2:\"on\";i:3;s:2:\"on\";i:4;s:2:\"on\";i:5;s:2:\"on\";i:6;s:2:\"on\";}', 54, NULL),
(1054, 1, '2019-07-18', '07:00:00', '08:30:00', 5, 'a:6:{i:1;s:2:\"on\";i:2;s:2:\"on\";i:3;s:2:\"on\";i:4;s:2:\"on\";i:5;s:2:\"on\";i:6;s:2:\"on\";}', 54, NULL),
(1055, 1, '2019-07-18', '14:30:00', '16:00:00', 5, 'a:6:{i:1;s:2:\"on\";i:2;s:2:\"on\";i:3;s:2:\"on\";i:4;s:2:\"on\";i:5;s:2:\"on\";i:6;s:2:\"on\";}', 54, NULL),
(1056, 1, '2019-07-19', '07:00:00', '08:30:00', 5, 'a:6:{i:1;s:2:\"on\";i:2;s:2:\"on\";i:3;s:2:\"on\";i:4;s:2:\"on\";i:5;s:2:\"on\";i:6;s:2:\"on\";}', 54, NULL),
(1057, 1, '2019-07-19', '14:30:00', '16:00:00', 5, 'a:6:{i:1;s:2:\"on\";i:2;s:2:\"on\";i:3;s:2:\"on\";i:4;s:2:\"on\";i:5;s:2:\"on\";i:6;s:2:\"on\";}', 54, NULL),
(1058, 1, '2019-07-20', '07:00:00', '08:30:00', 5, 'a:6:{i:1;s:2:\"on\";i:2;s:2:\"on\";i:3;s:2:\"on\";i:4;s:2:\"on\";i:5;s:2:\"on\";i:6;s:2:\"on\";}', 54, NULL),
(1059, 1, '2019-07-20', '14:30:00', '16:00:00', 5, 'a:6:{i:1;s:2:\"on\";i:2;s:2:\"on\";i:3;s:2:\"on\";i:4;s:2:\"on\";i:5;s:2:\"on\";i:6;s:2:\"on\";}', 54, NULL),
(1060, 1, '2019-07-21', '07:00:00', '08:30:00', 5, 'a:6:{i:1;s:2:\"on\";i:2;s:2:\"on\";i:3;s:2:\"on\";i:4;s:2:\"on\";i:5;s:2:\"on\";i:6;s:2:\"on\";}', 54, NULL),
(1061, 1, '2019-07-21', '14:30:00', '16:00:00', 5, 'a:6:{i:1;s:2:\"on\";i:2;s:2:\"on\";i:3;s:2:\"on\";i:4;s:2:\"on\";i:5;s:2:\"on\";i:6;s:2:\"on\";}', 54, NULL),
(1062, 1, '2019-07-22', '07:00:00', '08:30:00', 5, 'a:6:{i:1;s:2:\"on\";i:2;s:2:\"on\";i:3;s:2:\"on\";i:4;s:2:\"on\";i:5;s:2:\"on\";i:6;s:2:\"on\";}', 54, NULL),
(1063, 1, '2019-07-22', '14:30:00', '16:00:00', 5, 'a:6:{i:1;s:2:\"on\";i:2;s:2:\"on\";i:3;s:2:\"on\";i:4;s:2:\"on\";i:5;s:2:\"on\";i:6;s:2:\"on\";}', 54, NULL),
(1064, 1, '2019-07-23', '07:00:00', '08:30:00', 5, 'a:6:{i:1;s:2:\"on\";i:2;s:2:\"on\";i:3;s:2:\"on\";i:4;s:2:\"on\";i:5;s:2:\"on\";i:6;s:2:\"on\";}', 54, NULL),
(1065, 1, '2019-07-23', '14:30:00', '16:00:00', 5, 'a:6:{i:1;s:2:\"on\";i:2;s:2:\"on\";i:3;s:2:\"on\";i:4;s:2:\"on\";i:5;s:2:\"on\";i:6;s:2:\"on\";}', 54, NULL),
(1066, 1, '2019-07-24', '07:00:00', '08:30:00', 5, 'a:6:{i:1;s:2:\"on\";i:2;s:2:\"on\";i:3;s:2:\"on\";i:4;s:2:\"on\";i:5;s:2:\"on\";i:6;s:2:\"on\";}', 54, NULL),
(1067, 1, '2019-07-24', '14:30:00', '16:00:00', 5, 'a:6:{i:1;s:2:\"on\";i:2;s:2:\"on\";i:3;s:2:\"on\";i:4;s:2:\"on\";i:5;s:2:\"on\";i:6;s:2:\"on\";}', 54, NULL),
(1068, 1, '2019-07-25', '07:00:00', '08:30:00', 5, 'a:6:{i:1;s:2:\"on\";i:2;s:2:\"on\";i:3;s:2:\"on\";i:4;s:2:\"on\";i:5;s:2:\"on\";i:6;s:2:\"on\";}', 54, NULL),
(1069, 1, '2019-07-25', '14:30:00', '16:00:00', 5, 'a:6:{i:1;s:2:\"on\";i:2;s:2:\"on\";i:3;s:2:\"on\";i:4;s:2:\"on\";i:5;s:2:\"on\";i:6;s:2:\"on\";}', 54, NULL),
(1070, 1, '2019-07-26', '07:00:00', '08:30:00', 5, 'a:6:{i:1;s:2:\"on\";i:2;s:2:\"on\";i:3;s:2:\"on\";i:4;s:2:\"on\";i:5;s:2:\"on\";i:6;s:2:\"on\";}', 54, NULL),
(1071, 1, '2019-07-26', '14:30:00', '16:00:00', 5, 'a:6:{i:1;s:2:\"on\";i:2;s:2:\"on\";i:3;s:2:\"on\";i:4;s:2:\"on\";i:5;s:2:\"on\";i:6;s:2:\"on\";}', 54, NULL),
(1072, 1, '2019-07-27', '07:00:00', '08:30:00', 5, 'a:6:{i:1;s:2:\"on\";i:2;s:2:\"on\";i:3;s:2:\"on\";i:4;s:2:\"on\";i:5;s:2:\"on\";i:6;s:2:\"on\";}', 54, NULL),
(1073, 1, '2019-07-27', '14:30:00', '16:00:00', 5, 'a:6:{i:1;s:2:\"on\";i:2;s:2:\"on\";i:3;s:2:\"on\";i:4;s:2:\"on\";i:5;s:2:\"on\";i:6;s:2:\"on\";}', 54, NULL),
(1074, 1, '2019-07-28', '07:00:00', '08:30:00', 5, 'a:6:{i:1;s:2:\"on\";i:2;s:2:\"on\";i:3;s:2:\"on\";i:4;s:2:\"on\";i:5;s:2:\"on\";i:6;s:2:\"on\";}', 54, NULL),
(1075, 1, '2019-07-28', '14:30:00', '16:00:00', 5, 'a:6:{i:1;s:2:\"on\";i:2;s:2:\"on\";i:3;s:2:\"on\";i:4;s:2:\"on\";i:5;s:2:\"on\";i:6;s:2:\"on\";}', 54, NULL),
(1076, 1, '2019-07-29', '07:00:00', '08:30:00', 5, 'a:6:{i:1;s:2:\"on\";i:2;s:2:\"on\";i:3;s:2:\"on\";i:4;s:2:\"on\";i:5;s:2:\"on\";i:6;s:2:\"on\";}', 54, NULL),
(1077, 1, '2019-07-29', '14:30:00', '16:00:00', 5, 'a:6:{i:1;s:2:\"on\";i:2;s:2:\"on\";i:3;s:2:\"on\";i:4;s:2:\"on\";i:5;s:2:\"on\";i:6;s:2:\"on\";}', 54, NULL),
(1078, 1, '2019-07-30', '07:00:00', '08:30:00', 5, 'a:6:{i:1;s:2:\"on\";i:2;s:2:\"on\";i:3;s:2:\"on\";i:4;s:2:\"on\";i:5;s:2:\"on\";i:6;s:2:\"on\";}', 54, NULL),
(1079, 1, '2019-07-30', '14:30:00', '16:00:00', 5, 'a:6:{i:1;s:2:\"on\";i:2;s:2:\"on\";i:3;s:2:\"on\";i:4;s:2:\"on\";i:5;s:2:\"on\";i:6;s:2:\"on\";}', 54, NULL),
(1080, 1, '2019-07-31', '07:00:00', '08:30:00', 5, 'a:6:{i:1;s:2:\"on\";i:2;s:2:\"on\";i:3;s:2:\"on\";i:4;s:2:\"on\";i:5;s:2:\"on\";i:6;s:2:\"on\";}', 54, NULL),
(1081, 1, '2019-07-31', '14:30:00', '16:00:00', 5, 'a:6:{i:1;s:2:\"on\";i:2;s:2:\"on\";i:3;s:2:\"on\";i:4;s:2:\"on\";i:5;s:2:\"on\";i:6;s:2:\"on\";}', 54, NULL),
(1082, 1, '2019-08-01', '07:00:00', '08:30:00', 5, 'a:6:{i:1;s:2:\"on\";i:2;s:2:\"on\";i:3;s:2:\"on\";i:4;s:2:\"on\";i:5;s:2:\"on\";i:6;s:2:\"on\";}', 54, NULL),
(1083, 1, '2019-08-01', '14:30:00', '16:00:00', 5, 'a:6:{i:1;s:2:\"on\";i:2;s:2:\"on\";i:3;s:2:\"on\";i:4;s:2:\"on\";i:5;s:2:\"on\";i:6;s:2:\"on\";}', 54, NULL),
(1084, 1, '2019-08-02', '07:00:00', '08:30:00', 5, 'a:6:{i:1;s:2:\"on\";i:2;s:2:\"on\";i:3;s:2:\"on\";i:4;s:2:\"on\";i:5;s:2:\"on\";i:6;s:2:\"on\";}', 54, NULL),
(1085, 1, '2019-08-02', '14:30:00', '16:00:00', 5, 'a:6:{i:1;s:2:\"on\";i:2;s:2:\"on\";i:3;s:2:\"on\";i:4;s:2:\"on\";i:5;s:2:\"on\";i:6;s:2:\"on\";}', 54, NULL),
(1086, 1, '2019-06-30', '09:00:00', '11:00:00', 7, NULL, 55, '2018-10-19'),
(1087, 1, '2019-06-30', '16:00:00', '18:00:00', 7, NULL, 55, '2018-10-19'),
(1088, 1, '2019-06-30', '09:00:00', '11:00:00', 7, NULL, 55, '2018-10-19'),
(1089, 1, '2019-06-30', '16:00:00', '18:00:00', 7, NULL, 55, '2018-10-19'),
(1090, 1, '2019-07-01', '09:00:00', '11:00:00', 7, NULL, 55, '2018-10-19'),
(1091, 1, '2019-07-01', '16:00:00', '18:00:00', 7, NULL, 55, '2018-10-19'),
(1092, 1, '2019-07-02', '09:00:00', '11:00:00', 7, NULL, 55, '2018-10-19'),
(1093, 1, '2019-07-02', '16:00:00', '18:00:00', 7, NULL, 55, '2018-10-19'),
(1094, 1, '2019-07-03', '09:00:00', '11:00:00', 7, NULL, 55, '2018-10-19'),
(1095, 1, '2019-07-03', '16:00:00', '18:00:00', 7, NULL, 55, '2018-10-19'),
(1096, 1, '2019-07-04', '09:00:00', '11:00:00', 7, NULL, 55, '2018-10-19'),
(1097, 1, '2019-07-04', '16:00:00', '18:00:00', 7, NULL, 55, '2018-10-19'),
(1098, 1, '2019-07-05', '09:00:00', '11:00:00', 7, NULL, 55, '2018-10-19'),
(1099, 1, '2019-07-05', '16:00:00', '18:00:00', 7, NULL, 55, '2018-10-19'),
(1100, 1, '2019-07-06', '09:00:00', '11:00:00', 7, NULL, 55, '2018-10-19'),
(1101, 1, '2019-07-06', '16:00:00', '18:00:00', 7, NULL, 55, '2018-10-19'),
(1102, 1, '2019-07-07', '09:00:00', '11:00:00', 7, NULL, 55, '2018-10-19'),
(1103, 1, '2019-07-07', '16:00:00', '18:00:00', 7, NULL, 55, '2018-10-19'),
(1104, 1, '2019-07-08', '09:00:00', '11:00:00', 7, NULL, 55, '2018-10-19'),
(1105, 1, '2019-07-08', '16:00:00', '18:00:00', 7, NULL, 55, '2018-10-19'),
(1106, 1, '2019-07-09', '09:00:00', '11:00:00', 7, NULL, 55, '2018-10-19'),
(1107, 1, '2019-07-09', '16:00:00', '18:00:00', 7, NULL, 55, '2018-10-19'),
(1108, 1, '2019-07-10', '09:00:00', '11:00:00', 7, NULL, 55, '2018-10-19'),
(1109, 1, '2019-07-10', '16:00:00', '18:00:00', 7, NULL, 55, '2018-10-19'),
(1110, 1, '2019-07-11', '09:00:00', '11:00:00', 7, NULL, 55, '2018-10-19'),
(1111, 1, '2019-07-11', '16:00:00', '18:00:00', 7, NULL, 55, '2018-10-19'),
(1112, 1, '2019-07-12', '09:00:00', '11:00:00', 7, NULL, 55, '2018-10-19'),
(1113, 1, '2019-07-12', '16:00:00', '18:00:00', 7, NULL, 55, '2018-10-19'),
(1114, 1, '2019-07-13', '09:00:00', '11:00:00', 7, NULL, 55, '2018-10-19'),
(1115, 1, '2019-07-13', '16:00:00', '18:00:00', 7, NULL, 55, '2018-10-19'),
(1116, 1, '2019-07-14', '09:00:00', '11:00:00', 7, NULL, 55, '2018-10-19'),
(1117, 1, '2019-07-14', '16:00:00', '18:00:00', 7, NULL, 55, '2018-10-19'),
(1118, 1, '2019-07-15', '09:00:00', '11:00:00', 7, NULL, 55, '2018-10-19'),
(1119, 1, '2019-07-15', '16:00:00', '18:00:00', 7, NULL, 55, '2018-10-19'),
(1120, 1, '2019-06-30', '09:00:00', '11:00:00', 7, NULL, 55, '2018-10-19'),
(1121, 1, '2019-06-30', '16:00:00', '18:00:00', 7, NULL, 55, '2018-10-19'),
(1122, 1, '2019-07-01', '09:00:00', '11:00:00', 7, NULL, 55, '2018-10-19'),
(1123, 1, '2019-07-01', '16:00:00', '18:00:00', 7, NULL, 55, '2018-10-19'),
(1124, 1, '2019-07-02', '09:00:00', '11:00:00', 7, NULL, 55, '2018-10-19'),
(1125, 1, '2019-07-02', '16:00:00', '18:00:00', 7, NULL, 55, '2018-10-19'),
(1126, 1, '2019-07-03', '09:00:00', '11:00:00', 7, NULL, 55, '2018-10-19'),
(1127, 1, '2019-07-03', '16:00:00', '18:00:00', 7, NULL, 55, '2018-10-19'),
(1128, 1, '2019-07-04', '09:00:00', '11:00:00', 7, NULL, 55, '2018-10-19'),
(1129, 1, '2019-07-04', '16:00:00', '18:00:00', 7, NULL, 55, '2018-10-19'),
(1130, 1, '2019-07-05', '09:00:00', '11:00:00', 7, NULL, 55, '2018-10-19'),
(1131, 1, '2019-07-05', '16:00:00', '18:00:00', 7, NULL, 55, '2018-10-19'),
(1132, 1, '2019-07-06', '09:00:00', '11:00:00', 7, NULL, 55, '2018-10-19'),
(1133, 1, '2019-07-06', '16:00:00', '18:00:00', 7, NULL, 55, '2018-10-19'),
(1134, 1, '2019-07-07', '09:00:00', '11:00:00', 7, NULL, 55, '2018-10-19'),
(1135, 1, '2019-07-07', '16:00:00', '18:00:00', 7, NULL, 55, '2018-10-19'),
(1136, 1, '2019-07-08', '09:00:00', '11:00:00', 7, NULL, 55, '2018-10-19'),
(1137, 1, '2019-07-08', '16:00:00', '18:00:00', 7, NULL, 55, '2018-10-19'),
(1138, 1, '2019-07-09', '09:00:00', '11:00:00', 7, NULL, 55, '2018-10-19'),
(1139, 1, '2019-07-09', '16:00:00', '18:00:00', 7, NULL, 55, '2018-10-19'),
(1140, 1, '2019-07-10', '09:00:00', '11:00:00', 7, NULL, 55, '2018-10-19'),
(1141, 1, '2019-07-10', '16:00:00', '18:00:00', 7, NULL, 55, '2018-10-19'),
(1142, 1, '2019-07-11', '09:00:00', '11:00:00', 7, NULL, 55, '2018-10-19'),
(1143, 1, '2019-07-11', '16:00:00', '18:00:00', 7, NULL, 55, '2018-10-19'),
(1144, 1, '2019-07-12', '09:00:00', '11:00:00', 7, NULL, 55, '2018-10-19'),
(1145, 1, '2019-07-12', '16:00:00', '18:00:00', 7, NULL, 55, '2018-10-19'),
(1146, 1, '2019-07-13', '09:00:00', '11:00:00', 7, NULL, 55, '2018-10-19'),
(1147, 1, '2019-07-13', '16:00:00', '18:00:00', 7, NULL, 55, '2018-10-19'),
(1148, 1, '2019-07-14', '09:00:00', '11:00:00', 7, NULL, 55, '2018-10-19'),
(1149, 1, '2019-07-14', '16:00:00', '18:00:00', 7, NULL, 55, '2018-10-19'),
(1150, 1, '2019-07-15', '09:00:00', '11:00:00', 7, NULL, 55, '2018-10-19'),
(1151, 1, '2019-07-15', '16:00:00', '18:00:00', 7, NULL, 55, '2018-10-19'),
(1152, 3, '2019-06-30', '09:00:00', '11:00:00', 7, 'a:8:{i:1;s:2:\"on\";i:2;s:2:\"on\";i:3;s:2:\"on\";i:4;s:2:\"on\";i:5;s:2:\"on\";i:6;s:2:\"on\";i:7;s:2:\"on\";i:8;s:2:\"on\";}', 55, NULL),
(1153, 3, '2019-06-30', '16:00:00', '18:00:00', 7, 'a:8:{i:1;s:2:\"on\";i:2;s:2:\"on\";i:3;s:2:\"on\";i:4;s:2:\"on\";i:5;s:2:\"on\";i:6;s:2:\"on\";i:7;s:2:\"on\";i:8;s:2:\"on\";}', 55, NULL),
(1154, 3, '2019-06-30', '14:15:00', '14:15:00', 7, 'a:8:{i:1;s:2:\"on\";i:2;s:2:\"on\";i:3;s:2:\"on\";i:4;s:2:\"on\";i:5;s:2:\"on\";i:6;s:2:\"on\";i:7;s:2:\"on\";i:8;s:2:\"on\";}', 55, NULL),
(1155, 3, '2019-07-01', '14:15:00', '14:15:00', 7, 'a:8:{i:1;s:2:\"on\";i:2;s:2:\"on\";i:3;s:2:\"on\";i:4;s:2:\"on\";i:5;s:2:\"on\";i:6;s:2:\"on\";i:7;s:2:\"on\";i:8;s:2:\"on\";}', 55, NULL),
(1156, 3, '2019-07-02', '14:15:00', '14:15:00', 7, 'a:8:{i:1;s:2:\"on\";i:2;s:2:\"on\";i:3;s:2:\"on\";i:4;s:2:\"on\";i:5;s:2:\"on\";i:6;s:2:\"on\";i:7;s:2:\"on\";i:8;s:2:\"on\";}', 55, NULL),
(1157, 3, '2019-07-03', '14:15:00', '14:15:00', 7, 'a:8:{i:1;s:2:\"on\";i:2;s:2:\"on\";i:3;s:2:\"on\";i:4;s:2:\"on\";i:5;s:2:\"on\";i:6;s:2:\"on\";i:7;s:2:\"on\";i:8;s:2:\"on\";}', 55, NULL),
(1158, 3, '2019-07-04', '14:15:00', '14:15:00', 7, 'a:8:{i:1;s:2:\"on\";i:2;s:2:\"on\";i:3;s:2:\"on\";i:4;s:2:\"on\";i:5;s:2:\"on\";i:6;s:2:\"on\";i:7;s:2:\"on\";i:8;s:2:\"on\";}', 55, NULL),
(1159, 3, '2019-07-05', '14:15:00', '14:15:00', 7, 'a:8:{i:1;s:2:\"on\";i:2;s:2:\"on\";i:3;s:2:\"on\";i:4;s:2:\"on\";i:5;s:2:\"on\";i:6;s:2:\"on\";i:7;s:2:\"on\";i:8;s:2:\"on\";}', 55, NULL),
(1160, 3, '2019-07-06', '14:15:00', '14:15:00', 7, 'a:8:{i:1;s:2:\"on\";i:2;s:2:\"on\";i:3;s:2:\"on\";i:4;s:2:\"on\";i:5;s:2:\"on\";i:6;s:2:\"on\";i:7;s:2:\"on\";i:8;s:2:\"on\";}', 55, NULL),
(1161, 3, '2019-07-07', '14:15:00', '14:15:00', 7, 'a:8:{i:1;s:2:\"on\";i:2;s:2:\"on\";i:3;s:2:\"on\";i:4;s:2:\"on\";i:5;s:2:\"on\";i:6;s:2:\"on\";i:7;s:2:\"on\";i:8;s:2:\"on\";}', 55, NULL),
(1162, 3, '2019-07-08', '14:15:00', '14:15:00', 7, 'a:8:{i:1;s:2:\"on\";i:2;s:2:\"on\";i:3;s:2:\"on\";i:4;s:2:\"on\";i:5;s:2:\"on\";i:6;s:2:\"on\";i:7;s:2:\"on\";i:8;s:2:\"on\";}', 55, NULL),
(1163, 3, '2019-07-09', '14:15:00', '14:15:00', 7, 'a:8:{i:1;s:2:\"on\";i:2;s:2:\"on\";i:3;s:2:\"on\";i:4;s:2:\"on\";i:5;s:2:\"on\";i:6;s:2:\"on\";i:7;s:2:\"on\";i:8;s:2:\"on\";}', 55, NULL),
(1164, 3, '2019-07-10', '14:15:00', '14:15:00', 7, 'a:8:{i:1;s:2:\"on\";i:2;s:2:\"on\";i:3;s:2:\"on\";i:4;s:2:\"on\";i:5;s:2:\"on\";i:6;s:2:\"on\";i:7;s:2:\"on\";i:8;s:2:\"on\";}', 55, NULL),
(1165, 3, '2019-07-11', '14:15:00', '14:15:00', 7, 'a:8:{i:1;s:2:\"on\";i:2;s:2:\"on\";i:3;s:2:\"on\";i:4;s:2:\"on\";i:5;s:2:\"on\";i:6;s:2:\"on\";i:7;s:2:\"on\";i:8;s:2:\"on\";}', 55, NULL),
(1166, 3, '2019-07-12', '14:15:00', '14:15:00', 7, 'a:8:{i:1;s:2:\"on\";i:2;s:2:\"on\";i:3;s:2:\"on\";i:4;s:2:\"on\";i:5;s:2:\"on\";i:6;s:2:\"on\";i:7;s:2:\"on\";i:8;s:2:\"on\";}', 55, NULL),
(1167, 3, '2019-07-13', '14:15:00', '14:15:00', 7, 'a:8:{i:1;s:2:\"on\";i:2;s:2:\"on\";i:3;s:2:\"on\";i:4;s:2:\"on\";i:5;s:2:\"on\";i:6;s:2:\"on\";i:7;s:2:\"on\";i:8;s:2:\"on\";}', 55, NULL),
(1168, 3, '2019-07-14', '14:15:00', '14:15:00', 7, 'a:8:{i:1;s:2:\"on\";i:2;s:2:\"on\";i:3;s:2:\"on\";i:4;s:2:\"on\";i:5;s:2:\"on\";i:6;s:2:\"on\";i:7;s:2:\"on\";i:8;s:2:\"on\";}', 55, NULL),
(1169, 3, '2019-07-15', '14:15:00', '14:15:00', 7, 'a:8:{i:1;s:2:\"on\";i:2;s:2:\"on\";i:3;s:2:\"on\";i:4;s:2:\"on\";i:5;s:2:\"on\";i:6;s:2:\"on\";i:7;s:2:\"on\";i:8;s:2:\"on\";}', 55, NULL),
(1170, 18, '2019-02-01', '09:00:00', '13:00:00', 0, NULL, 56, NULL),
(1171, 18, '2019-02-01', '14:00:00', '18:00:00', 0, NULL, 56, NULL),
(1172, 18, '2019-02-02', '09:00:00', '13:00:00', 0, NULL, 56, NULL),
(1173, 18, '2019-02-02', '14:00:00', '18:00:00', 0, NULL, 56, NULL),
(1174, 18, '2019-02-03', '09:00:00', '13:00:00', 0, NULL, 56, NULL),
(1175, 18, '2019-02-03', '14:00:00', '18:00:00', 0, NULL, 56, NULL),
(1176, 18, '2019-02-04', '09:00:00', '13:00:00', 0, NULL, 56, NULL),
(1177, 18, '2019-02-04', '14:00:00', '18:00:00', 0, NULL, 56, NULL),
(1178, 18, '2019-02-05', '09:00:00', '13:00:00', 0, NULL, 56, NULL),
(1179, 18, '2019-02-05', '14:00:00', '18:00:00', 0, NULL, 56, NULL),
(1180, 4, '2019-02-01', '09:00:00', '13:00:00', 0, NULL, 56, NULL),
(1181, 4, '2019-02-01', '14:00:00', '18:00:00', 0, NULL, 56, NULL),
(1182, 4, '2019-02-02', '09:00:00', '13:00:00', 0, NULL, 56, NULL),
(1183, 4, '2019-02-02', '14:00:00', '18:00:00', 0, NULL, 56, NULL),
(1184, 4, '2019-02-03', '09:00:00', '13:00:00', 0, NULL, 56, NULL),
(1185, 4, '2019-02-03', '14:00:00', '18:00:00', 0, NULL, 56, NULL),
(1186, 4, '2019-02-04', '09:00:00', '13:00:00', 0, NULL, 56, NULL),
(1187, 4, '2019-02-04', '14:00:00', '18:00:00', 0, NULL, 56, NULL),
(1188, 4, '2019-02-05', '09:00:00', '13:00:00', 0, NULL, 56, NULL),
(1189, 4, '2019-02-05', '14:00:00', '18:00:00', 0, NULL, 56, NULL),
(1190, 11, '2019-02-27', '09:00:00', '12:00:00', 0, NULL, 57, NULL),
(1191, 11, '2019-02-27', '15:00:00', '18:00:00', 0, NULL, 57, NULL),
(1192, 11, '2019-02-28', '09:00:00', '12:00:00', 0, NULL, 57, NULL),
(1193, 11, '2019-02-28', '15:00:00', '18:00:00', 0, NULL, 57, NULL),
(1194, 11, '2019-03-01', '09:00:00', '12:00:00', 0, NULL, 57, NULL),
(1195, 11, '2019-03-01', '15:00:00', '18:00:00', 0, NULL, 57, NULL),
(1196, 11, '2019-03-02', '09:00:00', '12:00:00', 0, NULL, 57, NULL),
(1197, 11, '2019-03-02', '15:00:00', '18:00:00', 0, NULL, 57, NULL),
(1198, 11, '2019-03-03', '09:00:00', '12:00:00', 0, NULL, 57, NULL),
(1199, 11, '2019-03-03', '15:00:00', '18:00:00', 0, NULL, 57, NULL),
(1200, 11, '2019-03-04', '09:00:00', '12:00:00', 0, NULL, 57, NULL),
(1201, 11, '2019-03-04', '15:00:00', '18:00:00', 0, NULL, 57, NULL),
(1202, 6, '2019-02-27', '09:00:00', '12:00:00', 0, NULL, 57, NULL),
(1203, 6, '2019-02-27', '16:00:00', '18:00:00', 0, NULL, 57, NULL),
(1204, 6, '2019-02-28', '09:00:00', '12:00:00', 0, NULL, 57, NULL),
(1205, 6, '2019-02-28', '16:00:00', '18:00:00', 0, NULL, 57, NULL),
(1206, 6, '2019-03-01', '09:00:00', '12:00:00', 0, NULL, 57, NULL),
(1207, 6, '2019-03-01', '16:00:00', '18:00:00', 0, NULL, 57, NULL),
(1208, 6, '2019-03-02', '09:00:00', '12:00:00', 0, NULL, 57, NULL),
(1209, 6, '2019-03-02', '16:00:00', '18:00:00', 0, NULL, 57, NULL),
(1210, 6, '2019-03-03', '09:00:00', '12:00:00', 0, NULL, 57, NULL),
(1211, 6, '2019-03-03', '16:00:00', '18:00:00', 0, NULL, 57, NULL),
(1212, 6, '2019-03-04', '09:00:00', '12:00:00', 0, NULL, 57, NULL),
(1213, 1, '2019-07-12', '08:30:00', '10:00:00', 1, 'a:2:{i:1;s:2:\"on\";i:2;s:2:\"on\";}', 58, NULL),
(1214, 1, '2019-07-12', '15:30:00', '17:00:00', 1, 'a:2:{i:1;s:2:\"on\";i:2;s:2:\"on\";}', 58, NULL),
(1215, 1, '2019-07-13', '08:30:00', '10:00:00', 1, 'a:2:{i:1;s:2:\"on\";i:2;s:2:\"on\";}', 58, NULL),
(1216, 1, '2019-07-13', '15:30:00', '17:00:00', 1, 'a:2:{i:1;s:2:\"on\";i:2;s:2:\"on\";}', 58, NULL),
(1217, 1, '2019-07-14', '08:30:00', '10:00:00', 1, 'a:2:{i:1;s:2:\"on\";i:2;s:2:\"on\";}', 58, NULL),
(1218, 1, '2019-07-14', '15:30:00', '17:00:00', 1, 'a:2:{i:1;s:2:\"on\";i:2;s:2:\"on\";}', 58, NULL),
(1219, 1, '2019-07-15', '08:30:00', '10:00:00', 1, 'a:2:{i:1;s:2:\"on\";i:2;s:2:\"on\";}', 58, NULL),
(1220, 1, '2019-07-15', '15:30:00', '17:00:00', 1, 'a:2:{i:1;s:2:\"on\";i:2;s:2:\"on\";}', 58, NULL),
(1221, 1, '2019-07-16', '08:30:00', '10:00:00', 1, 'a:2:{i:1;s:2:\"on\";i:2;s:2:\"on\";}', 58, NULL),
(1222, 1, '2019-07-16', '15:30:00', '17:00:00', 1, 'a:2:{i:1;s:2:\"on\";i:2;s:2:\"on\";}', 58, NULL),
(1223, 1, '2019-07-17', '08:30:00', '10:00:00', 1, 'a:2:{i:1;s:2:\"on\";i:2;s:2:\"on\";}', 58, NULL),
(1224, 1, '2019-07-17', '15:30:00', '17:00:00', 1, 'a:2:{i:1;s:2:\"on\";i:2;s:2:\"on\";}', 58, NULL),
(1225, 1, '2019-07-18', '08:30:00', '10:00:00', 1, 'a:2:{i:1;s:2:\"on\";i:2;s:2:\"on\";}', 58, NULL),
(1226, 1, '2019-07-18', '15:30:00', '17:00:00', 1, 'a:2:{i:1;s:2:\"on\";i:2;s:2:\"on\";}', 58, NULL),
(1227, 1, '2019-07-19', '08:30:00', '10:00:00', 1, 'a:2:{i:1;s:2:\"on\";i:2;s:2:\"on\";}', 58, NULL),
(1228, 1, '2019-07-19', '15:30:00', '17:00:00', 1, 'a:2:{i:1;s:2:\"on\";i:2;s:2:\"on\";}', 58, NULL),
(1229, 1, '2019-07-20', '08:30:00', '10:00:00', 1, 'a:2:{i:1;s:2:\"on\";i:2;s:2:\"on\";}', 58, NULL),
(1230, 1, '2019-07-20', '15:30:00', '17:00:00', 1, 'a:2:{i:1;s:2:\"on\";i:2;s:2:\"on\";}', 58, NULL),
(1231, 1, '2019-07-21', '08:30:00', '10:00:00', 1, 'a:2:{i:1;s:2:\"on\";i:2;s:2:\"on\";}', 58, NULL),
(1232, 1, '2019-07-21', '15:30:00', '17:00:00', 1, 'a:2:{i:1;s:2:\"on\";i:2;s:2:\"on\";}', 58, NULL),
(1233, 1, '2019-07-22', '08:30:00', '10:00:00', 1, 'a:2:{i:1;s:2:\"on\";i:2;s:2:\"on\";}', 58, NULL),
(1234, 1, '2019-07-22', '15:30:00', '17:00:00', 1, 'a:2:{i:1;s:2:\"on\";i:2;s:2:\"on\";}', 58, NULL),
(1235, 1, '2019-07-23', '08:30:00', '10:00:00', 1, 'a:2:{i:1;s:2:\"on\";i:2;s:2:\"on\";}', 58, NULL),
(1236, 1, '2019-07-23', '15:30:00', '17:00:00', 1, 'a:2:{i:1;s:2:\"on\";i:2;s:2:\"on\";}', 58, NULL),
(1237, 1, '2019-07-24', '08:30:00', '10:00:00', 1, 'a:2:{i:1;s:2:\"on\";i:2;s:2:\"on\";}', 58, NULL),
(1238, 1, '2019-07-24', '15:30:00', '17:00:00', 1, 'a:2:{i:1;s:2:\"on\";i:2;s:2:\"on\";}', 58, NULL),
(1239, 1, '2019-07-25', '08:30:00', '10:00:00', 1, 'a:2:{i:1;s:2:\"on\";i:2;s:2:\"on\";}', 58, NULL),
(1240, 1, '2019-07-25', '15:30:00', '17:00:00', 1, 'a:2:{i:1;s:2:\"on\";i:2;s:2:\"on\";}', 58, NULL),
(1241, 1, '2019-07-26', '08:30:00', '10:00:00', 1, 'a:2:{i:1;s:2:\"on\";i:2;s:2:\"on\";}', 58, NULL),
(1242, 1, '2019-07-26', '15:30:00', '17:00:00', 1, 'a:2:{i:1;s:2:\"on\";i:2;s:2:\"on\";}', 58, NULL),
(1243, 1, '2019-07-27', '08:30:00', '10:00:00', 1, 'a:2:{i:1;s:2:\"on\";i:2;s:2:\"on\";}', 58, NULL),
(1244, 1, '2019-07-27', '15:30:00', '17:00:00', 1, 'a:2:{i:1;s:2:\"on\";i:2;s:2:\"on\";}', 58, NULL),
(1245, 1, '2019-07-28', '08:30:00', '10:00:00', 1, 'a:2:{i:1;s:2:\"on\";i:2;s:2:\"on\";}', 58, NULL),
(1246, 1, '2019-07-28', '15:30:00', '17:00:00', 1, 'a:2:{i:1;s:2:\"on\";i:2;s:2:\"on\";}', 58, NULL),
(1247, 1, '2019-07-29', '08:30:00', '10:00:00', 1, 'a:2:{i:1;s:2:\"on\";i:2;s:2:\"on\";}', 58, NULL),
(1248, 1, '2019-07-29', '15:30:00', '17:00:00', 1, 'a:2:{i:1;s:2:\"on\";i:2;s:2:\"on\";}', 58, NULL),
(1249, 1, '2019-07-30', '08:30:00', '10:00:00', 1, 'a:2:{i:1;s:2:\"on\";i:2;s:2:\"on\";}', 58, NULL),
(1250, 1, '2019-07-30', '15:30:00', '17:00:00', 1, 'a:2:{i:1;s:2:\"on\";i:2;s:2:\"on\";}', 58, NULL),
(1251, 1, '2019-07-31', '08:30:00', '10:00:00', 1, 'a:2:{i:1;s:2:\"on\";i:2;s:2:\"on\";}', 58, NULL),
(1252, 1, '2019-07-31', '15:30:00', '17:00:00', 1, 'a:2:{i:1;s:2:\"on\";i:2;s:2:\"on\";}', 58, NULL),
(1253, 1, '2019-08-01', '08:30:00', '10:00:00', 1, 'a:2:{i:1;s:2:\"on\";i:2;s:2:\"on\";}', 58, NULL),
(1254, 1, '2019-08-01', '15:30:00', '17:00:00', 1, 'a:2:{i:1;s:2:\"on\";i:2;s:2:\"on\";}', 58, NULL),
(1255, 1, '2019-08-02', '08:30:00', '10:00:00', 1, 'a:2:{i:1;s:2:\"on\";i:2;s:2:\"on\";}', 58, NULL),
(1256, 1, '2019-08-02', '15:30:00', '17:00:00', 1, 'a:2:{i:1;s:2:\"on\";i:2;s:2:\"on\";}', 58, NULL),
(1257, 3, '2019-07-12', '07:00:00', '08:30:00', 5, 'a:6:{i:1;s:2:\"on\";i:2;s:2:\"on\";i:3;s:2:\"on\";i:4;s:2:\"on\";i:5;s:2:\"on\";i:6;s:2:\"on\";}', 59, NULL),
(1258, 3, '2019-07-12', '14:30:00', '16:00:00', 5, 'a:6:{i:1;s:2:\"on\";i:2;s:2:\"on\";i:3;s:2:\"on\";i:4;s:2:\"on\";i:5;s:2:\"on\";i:6;s:2:\"on\";}', 59, NULL),
(1259, 3, '2019-07-12', '07:00:00', '08:30:00', 5, 'a:6:{i:1;s:2:\"on\";i:2;s:2:\"on\";i:3;s:2:\"on\";i:4;s:2:\"on\";i:5;s:2:\"on\";i:6;s:2:\"on\";}', 59, NULL),
(1260, 3, '2019-07-12', '14:30:00', '16:00:00', 5, 'a:6:{i:1;s:2:\"on\";i:2;s:2:\"on\";i:3;s:2:\"on\";i:4;s:2:\"on\";i:5;s:2:\"on\";i:6;s:2:\"on\";}', 59, NULL),
(1261, 3, '2019-07-13', '07:00:00', '08:30:00', 5, 'a:6:{i:1;s:2:\"on\";i:2;s:2:\"on\";i:3;s:2:\"on\";i:4;s:2:\"on\";i:5;s:2:\"on\";i:6;s:2:\"on\";}', 59, NULL),
(1262, 3, '2019-07-13', '14:30:00', '16:00:00', 5, 'a:6:{i:1;s:2:\"on\";i:2;s:2:\"on\";i:3;s:2:\"on\";i:4;s:2:\"on\";i:5;s:2:\"on\";i:6;s:2:\"on\";}', 59, NULL),
(1263, 3, '2019-07-14', '07:00:00', '08:30:00', 5, 'a:6:{i:1;s:2:\"on\";i:2;s:2:\"on\";i:3;s:2:\"on\";i:4;s:2:\"on\";i:5;s:2:\"on\";i:6;s:2:\"on\";}', 59, NULL),
(1264, 3, '2019-07-14', '14:30:00', '16:00:00', 5, 'a:6:{i:1;s:2:\"on\";i:2;s:2:\"on\";i:3;s:2:\"on\";i:4;s:2:\"on\";i:5;s:2:\"on\";i:6;s:2:\"on\";}', 59, NULL),
(1265, 3, '2019-07-15', '07:00:00', '08:30:00', 5, 'a:6:{i:1;s:2:\"on\";i:2;s:2:\"on\";i:3;s:2:\"on\";i:4;s:2:\"on\";i:5;s:2:\"on\";i:6;s:2:\"on\";}', 59, NULL),
(1266, 3, '2019-07-15', '14:30:00', '16:00:00', 5, 'a:6:{i:1;s:2:\"on\";i:2;s:2:\"on\";i:3;s:2:\"on\";i:4;s:2:\"on\";i:5;s:2:\"on\";i:6;s:2:\"on\";}', 59, NULL),
(1267, 3, '2019-07-16', '07:00:00', '08:30:00', 5, 'a:6:{i:1;s:2:\"on\";i:2;s:2:\"on\";i:3;s:2:\"on\";i:4;s:2:\"on\";i:5;s:2:\"on\";i:6;s:2:\"on\";}', 59, NULL),
(1268, 3, '2019-07-16', '14:30:00', '16:00:00', 5, 'a:6:{i:1;s:2:\"on\";i:2;s:2:\"on\";i:3;s:2:\"on\";i:4;s:2:\"on\";i:5;s:2:\"on\";i:6;s:2:\"on\";}', 59, NULL),
(1269, 3, '2019-07-17', '07:00:00', '08:30:00', 5, 'a:6:{i:1;s:2:\"on\";i:2;s:2:\"on\";i:3;s:2:\"on\";i:4;s:2:\"on\";i:5;s:2:\"on\";i:6;s:2:\"on\";}', 59, NULL),
(1270, 3, '2019-07-17', '14:30:00', '16:00:00', 5, 'a:6:{i:1;s:2:\"on\";i:2;s:2:\"on\";i:3;s:2:\"on\";i:4;s:2:\"on\";i:5;s:2:\"on\";i:6;s:2:\"on\";}', 59, NULL),
(1271, 3, '2019-07-18', '07:00:00', '08:30:00', 5, 'a:6:{i:1;s:2:\"on\";i:2;s:2:\"on\";i:3;s:2:\"on\";i:4;s:2:\"on\";i:5;s:2:\"on\";i:6;s:2:\"on\";}', 59, NULL),
(1272, 3, '2019-07-18', '14:30:00', '16:00:00', 5, 'a:6:{i:1;s:2:\"on\";i:2;s:2:\"on\";i:3;s:2:\"on\";i:4;s:2:\"on\";i:5;s:2:\"on\";i:6;s:2:\"on\";}', 59, NULL),
(1273, 3, '2019-07-19', '07:00:00', '08:30:00', 5, 'a:6:{i:1;s:2:\"on\";i:2;s:2:\"on\";i:3;s:2:\"on\";i:4;s:2:\"on\";i:5;s:2:\"on\";i:6;s:2:\"on\";}', 59, NULL),
(1274, 3, '2019-07-19', '14:30:00', '16:00:00', 5, 'a:6:{i:1;s:2:\"on\";i:2;s:2:\"on\";i:3;s:2:\"on\";i:4;s:2:\"on\";i:5;s:2:\"on\";i:6;s:2:\"on\";}', 59, NULL),
(1275, 3, '2019-07-20', '07:00:00', '08:30:00', 5, 'a:6:{i:1;s:2:\"on\";i:2;s:2:\"on\";i:3;s:2:\"on\";i:4;s:2:\"on\";i:5;s:2:\"on\";i:6;s:2:\"on\";}', 59, NULL),
(1276, 3, '2019-07-20', '14:30:00', '16:00:00', 5, 'a:6:{i:1;s:2:\"on\";i:2;s:2:\"on\";i:3;s:2:\"on\";i:4;s:2:\"on\";i:5;s:2:\"on\";i:6;s:2:\"on\";}', 59, NULL),
(1277, 3, '2019-07-21', '07:00:00', '08:30:00', 5, 'a:6:{i:1;s:2:\"on\";i:2;s:2:\"on\";i:3;s:2:\"on\";i:4;s:2:\"on\";i:5;s:2:\"on\";i:6;s:2:\"on\";}', 59, NULL),
(1278, 3, '2019-07-21', '14:30:00', '16:00:00', 5, 'a:6:{i:1;s:2:\"on\";i:2;s:2:\"on\";i:3;s:2:\"on\";i:4;s:2:\"on\";i:5;s:2:\"on\";i:6;s:2:\"on\";}', 59, NULL),
(1279, 3, '2019-07-22', '07:00:00', '08:30:00', 5, 'a:6:{i:1;s:2:\"on\";i:2;s:2:\"on\";i:3;s:2:\"on\";i:4;s:2:\"on\";i:5;s:2:\"on\";i:6;s:2:\"on\";}', 59, NULL),
(1280, 3, '2019-07-22', '14:30:00', '16:00:00', 5, 'a:6:{i:1;s:2:\"on\";i:2;s:2:\"on\";i:3;s:2:\"on\";i:4;s:2:\"on\";i:5;s:2:\"on\";i:6;s:2:\"on\";}', 59, NULL),
(1281, 3, '2019-07-23', '07:00:00', '08:30:00', 5, 'a:6:{i:1;s:2:\"on\";i:2;s:2:\"on\";i:3;s:2:\"on\";i:4;s:2:\"on\";i:5;s:2:\"on\";i:6;s:2:\"on\";}', 59, NULL),
(1282, 3, '2019-07-23', '14:30:00', '16:00:00', 5, 'a:6:{i:1;s:2:\"on\";i:2;s:2:\"on\";i:3;s:2:\"on\";i:4;s:2:\"on\";i:5;s:2:\"on\";i:6;s:2:\"on\";}', 59, NULL),
(1283, 3, '2019-07-24', '07:00:00', '08:30:00', 5, 'a:6:{i:1;s:2:\"on\";i:2;s:2:\"on\";i:3;s:2:\"on\";i:4;s:2:\"on\";i:5;s:2:\"on\";i:6;s:2:\"on\";}', 59, NULL),
(1284, 3, '2019-07-24', '14:30:00', '16:00:00', 5, 'a:6:{i:1;s:2:\"on\";i:2;s:2:\"on\";i:3;s:2:\"on\";i:4;s:2:\"on\";i:5;s:2:\"on\";i:6;s:2:\"on\";}', 59, NULL),
(1285, 3, '2019-07-25', '07:00:00', '08:30:00', 5, 'a:6:{i:1;s:2:\"on\";i:2;s:2:\"on\";i:3;s:2:\"on\";i:4;s:2:\"on\";i:5;s:2:\"on\";i:6;s:2:\"on\";}', 59, NULL),
(1286, 3, '2019-07-25', '14:30:00', '16:00:00', 5, 'a:6:{i:1;s:2:\"on\";i:2;s:2:\"on\";i:3;s:2:\"on\";i:4;s:2:\"on\";i:5;s:2:\"on\";i:6;s:2:\"on\";}', 59, NULL),
(1287, 3, '2019-07-26', '07:00:00', '08:30:00', 5, 'a:6:{i:1;s:2:\"on\";i:2;s:2:\"on\";i:3;s:2:\"on\";i:4;s:2:\"on\";i:5;s:2:\"on\";i:6;s:2:\"on\";}', 59, NULL),
(1288, 3, '2019-07-26', '14:30:00', '16:00:00', 5, 'a:6:{i:1;s:2:\"on\";i:2;s:2:\"on\";i:3;s:2:\"on\";i:4;s:2:\"on\";i:5;s:2:\"on\";i:6;s:2:\"on\";}', 59, NULL),
(1289, 3, '2019-07-27', '07:00:00', '08:30:00', 5, 'a:6:{i:1;s:2:\"on\";i:2;s:2:\"on\";i:3;s:2:\"on\";i:4;s:2:\"on\";i:5;s:2:\"on\";i:6;s:2:\"on\";}', 59, NULL),
(1290, 3, '2019-07-27', '14:30:00', '16:00:00', 5, 'a:6:{i:1;s:2:\"on\";i:2;s:2:\"on\";i:3;s:2:\"on\";i:4;s:2:\"on\";i:5;s:2:\"on\";i:6;s:2:\"on\";}', 59, NULL),
(1291, 3, '2019-07-28', '07:00:00', '08:30:00', 5, 'a:6:{i:1;s:2:\"on\";i:2;s:2:\"on\";i:3;s:2:\"on\";i:4;s:2:\"on\";i:5;s:2:\"on\";i:6;s:2:\"on\";}', 59, NULL),
(1292, 3, '2019-07-28', '14:30:00', '16:00:00', 5, 'a:6:{i:1;s:2:\"on\";i:2;s:2:\"on\";i:3;s:2:\"on\";i:4;s:2:\"on\";i:5;s:2:\"on\";i:6;s:2:\"on\";}', 59, NULL),
(1293, 3, '2019-07-29', '07:00:00', '08:30:00', 5, 'a:6:{i:1;s:2:\"on\";i:2;s:2:\"on\";i:3;s:2:\"on\";i:4;s:2:\"on\";i:5;s:2:\"on\";i:6;s:2:\"on\";}', 59, NULL),
(1294, 3, '2019-07-29', '14:30:00', '16:00:00', 5, 'a:6:{i:1;s:2:\"on\";i:2;s:2:\"on\";i:3;s:2:\"on\";i:4;s:2:\"on\";i:5;s:2:\"on\";i:6;s:2:\"on\";}', 59, NULL),
(1295, 3, '2019-07-30', '07:00:00', '08:30:00', 5, 'a:6:{i:1;s:2:\"on\";i:2;s:2:\"on\";i:3;s:2:\"on\";i:4;s:2:\"on\";i:5;s:2:\"on\";i:6;s:2:\"on\";}', 59, NULL),
(1296, 3, '2019-07-30', '14:30:00', '16:00:00', 5, 'a:6:{i:1;s:2:\"on\";i:2;s:2:\"on\";i:3;s:2:\"on\";i:4;s:2:\"on\";i:5;s:2:\"on\";i:6;s:2:\"on\";}', 59, NULL),
(1297, 3, '2019-07-31', '07:00:00', '08:30:00', 5, 'a:6:{i:1;s:2:\"on\";i:2;s:2:\"on\";i:3;s:2:\"on\";i:4;s:2:\"on\";i:5;s:2:\"on\";i:6;s:2:\"on\";}', 59, NULL),
(1298, 3, '2019-07-31', '14:30:00', '16:00:00', 5, 'a:6:{i:1;s:2:\"on\";i:2;s:2:\"on\";i:3;s:2:\"on\";i:4;s:2:\"on\";i:5;s:2:\"on\";i:6;s:2:\"on\";}', 59, NULL),
(1299, 3, '2019-08-01', '07:00:00', '08:30:00', 5, 'a:6:{i:1;s:2:\"on\";i:2;s:2:\"on\";i:3;s:2:\"on\";i:4;s:2:\"on\";i:5;s:2:\"on\";i:6;s:2:\"on\";}', 59, NULL),
(1300, 3, '2019-08-01', '14:30:00', '16:00:00', 5, 'a:6:{i:1;s:2:\"on\";i:2;s:2:\"on\";i:3;s:2:\"on\";i:4;s:2:\"on\";i:5;s:2:\"on\";i:6;s:2:\"on\";}', 59, NULL),
(1301, 3, '2019-08-02', '07:00:00', '08:30:00', 5, 'a:6:{i:1;s:2:\"on\";i:2;s:2:\"on\";i:3;s:2:\"on\";i:4;s:2:\"on\";i:5;s:2:\"on\";i:6;s:2:\"on\";}', 59, NULL),
(1302, 3, '2019-08-02', '14:30:00', '16:00:00', 5, 'a:6:{i:1;s:2:\"on\";i:2;s:2:\"on\";i:3;s:2:\"on\";i:4;s:2:\"on\";i:5;s:2:\"on\";i:6;s:2:\"on\";}', 59, NULL),
(1303, 1, '2019-05-31', '08:30:00', '10:00:00', 7, NULL, 60, NULL),
(1304, 1, '2019-05-31', '16:00:00', '17:30:00', 7, NULL, 60, NULL),
(1305, 1, '2019-05-31', '08:30:00', '10:00:00', 7, NULL, 60, NULL),
(1306, 1, '2019-05-31', '16:00:00', '17:30:00', 7, NULL, 60, NULL),
(1307, 1, '2019-06-01', '08:30:00', '10:00:00', 7, NULL, 60, NULL),
(1308, 1, '2019-06-01', '16:00:00', '17:30:00', 7, NULL, 60, NULL),
(1309, 1, '2019-06-02', '08:30:00', '10:00:00', 7, NULL, 60, NULL),
(1310, 1, '2019-06-02', '16:00:00', '17:30:00', 7, NULL, 60, NULL),
(1311, 1, '2019-06-03', '08:30:00', '10:00:00', 7, NULL, 60, NULL),
(1312, 1, '2019-06-03', '16:00:00', '17:30:00', 7, NULL, 60, NULL),
(1313, 1, '2019-06-04', '08:30:00', '10:00:00', 7, NULL, 60, NULL),
(1314, 1, '2019-06-04', '16:00:00', '17:30:00', 7, NULL, 60, NULL),
(1315, 1, '2019-06-05', '08:30:00', '10:00:00', 7, NULL, 60, NULL),
(1316, 1, '2019-06-05', '16:00:00', '17:30:00', 7, NULL, 60, NULL),
(1317, 1, '2019-06-06', '08:30:00', '10:00:00', 7, NULL, 60, NULL),
(1318, 1, '2019-06-06', '16:00:00', '17:30:00', 7, NULL, 60, NULL),
(1319, 1, '2019-06-07', '08:30:00', '10:00:00', 7, NULL, 60, NULL),
(1320, 1, '2019-06-07', '16:00:00', '17:30:00', 7, NULL, 60, NULL),
(1321, 1, '2019-06-08', '08:30:00', '10:00:00', 7, NULL, 60, NULL),
(1322, 1, '2019-06-08', '16:00:00', '17:30:00', 7, NULL, 60, NULL),
(1323, 1, '2019-06-09', '08:30:00', '10:00:00', 7, NULL, 60, NULL),
(1324, 1, '2019-06-09', '16:00:00', '17:30:00', 7, NULL, 60, NULL),
(1325, 1, '2019-06-10', '08:30:00', '10:00:00', 7, NULL, 60, NULL),
(1326, 1, '2019-06-10', '16:00:00', '17:30:00', 7, NULL, 60, NULL),
(1327, 1, '2019-06-11', '08:30:00', '10:00:00', 7, NULL, 60, NULL),
(1328, 1, '2019-06-11', '16:00:00', '17:30:00', 7, NULL, 60, NULL),
(1329, 1, '2019-06-12', '08:30:00', '10:00:00', 7, NULL, 60, NULL),
(1330, 1, '2019-06-12', '16:00:00', '17:30:00', 7, NULL, 60, NULL),
(1331, 1, '2019-06-13', '08:30:00', '10:00:00', 7, NULL, 60, NULL),
(1332, 1, '2019-06-13', '16:00:00', '17:30:00', 7, NULL, 60, NULL),
(1333, 1, '2019-06-14', '08:30:00', '10:00:00', 7, NULL, 60, NULL),
(1334, 1, '2019-06-14', '16:00:00', '17:30:00', 7, NULL, 60, NULL),
(1335, 1, '2019-06-15', '08:30:00', '10:00:00', 7, NULL, 60, NULL),
(1336, 1, '2019-06-15', '16:00:00', '17:30:00', 7, NULL, 60, NULL),
(1337, 1, '2019-06-16', '08:30:00', '10:00:00', 7, NULL, 60, NULL),
(1338, 1, '2019-06-16', '16:00:00', '17:30:00', 7, NULL, 60, NULL),
(1339, 1, '2019-06-17', '08:30:00', '10:00:00', 7, NULL, 60, NULL),
(1340, 1, '2019-06-17', '16:00:00', '17:30:00', 7, NULL, 60, NULL),
(1341, 1, '2019-06-18', '08:30:00', '10:00:00', 7, NULL, 60, NULL),
(1342, 1, '2019-06-18', '16:00:00', '17:30:00', 7, NULL, 60, NULL),
(1343, 1, '2019-06-19', '08:30:00', '10:00:00', 7, NULL, 60, NULL),
(1344, 1, '2019-06-19', '16:00:00', '17:30:00', 7, NULL, 60, NULL),
(1345, 1, '2019-06-20', '08:30:00', '10:00:00', 7, NULL, 60, NULL),
(1346, 1, '2019-06-20', '16:00:00', '17:30:00', 7, NULL, 60, NULL),
(1347, 1, '2019-06-21', '08:30:00', '10:00:00', 7, NULL, 60, NULL),
(1348, 1, '2019-06-21', '16:00:00', '17:30:00', 7, NULL, 60, NULL),
(1349, 3, '2019-08-26', '17:30:00', '19:00:00', 2, NULL, 61, NULL),
(1350, 3, '2019-08-27', '10:30:00', '12:00:00', 2, NULL, 61, NULL),
(1351, 3, '2019-08-27', '17:30:00', '19:00:00', 2, NULL, 61, NULL),
(1352, 3, '2019-08-28', '10:30:00', '12:00:00', 2, NULL, 61, NULL),
(1353, 3, '2019-08-28', '17:30:00', '19:00:00', 2, NULL, 61, NULL),
(1354, 3, '2019-08-29', '10:30:00', '12:00:00', 2, NULL, 61, NULL),
(1355, 3, '2019-08-29', '17:30:00', '19:00:00', 2, NULL, 61, NULL),
(1356, 3, '2019-08-30', '10:30:00', '12:00:00', 2, NULL, 61, NULL),
(1357, 3, '2019-08-30', '17:30:00', '19:00:00', 2, NULL, 61, NULL),
(1358, 3, '2019-08-31', '10:30:00', '12:00:00', 2, NULL, 61, NULL),
(1359, 3, '2019-08-31', '17:30:00', '19:00:00', 2, NULL, 61, NULL),
(1360, 3, '2019-09-01', '10:30:00', '12:00:00', 2, NULL, 61, NULL),
(1361, 3, '2019-09-01', '17:30:00', '19:00:00', 2, NULL, 61, NULL),
(1362, 3, '2019-09-02', '10:30:00', '12:00:00', 2, NULL, 61, NULL),
(1363, 3, '2019-09-02', '17:30:00', '19:00:00', 2, NULL, 61, NULL),
(1364, 3, '2019-09-03', '10:30:00', '12:00:00', 2, NULL, 61, NULL);

-- --------------------------------------------------------

--
-- Table structure for table `user`
--

CREATE TABLE `user` (
  `id` int(11) NOT NULL,
  `username` varchar(255) COLLATE utf8_unicode_ci NOT NULL,
  `password` varchar(255) COLLATE utf8_unicode_ci NOT NULL,
  `is_active` tinyint(1) NOT NULL,
  `email` varchar(255) COLLATE utf8_unicode_ci NOT NULL,
  `first_name` varchar(255) COLLATE utf8_unicode_ci NOT NULL,
  `last_name` varchar(255) COLLATE utf8_unicode_ci NOT NULL,
  `roles` longtext COLLATE utf8_unicode_ci NOT NULL COMMENT '(DC2Type:array)',
  `created_at` datetime NOT NULL,
  `updated_at` datetime NOT NULL,
  `position` varchar(255) COLLATE utf8_unicode_ci NOT NULL,
  `locale` varchar(2) COLLATE utf8_unicode_ci NOT NULL
) ENGINE=InnoDB DEFAULT CHARSET=utf8 COLLATE=utf8_unicode_ci;

--
-- Dumping data for table `user`
--

INSERT INTO `user` (`id`, `username`, `password`, `is_active`, `email`, `first_name`, `last_name`, `roles`, `created_at`, `updated_at`, `position`, `locale`) VALUES
(1, 'admin', '$2y$13$gj7zryXQdDF1hGSOeZ7p8eJSLd8gtuTuH.BsxQ8EO8Gsqk7iDkqD.', 1, 'admin@admin.com', 'admin', 'admin', 'a:1:{i:0;s:10:\"ROLE_ADMIN\";}', '2018-07-23 21:40:27', '2018-11-03 02:08:38', 'ROLE_ADMIN', 'ru'),
(2, 'manager1', '$2y$13$5LLaJeHeKDUrIdBmeFjSQ.PcibLo7EUSj/XpnMGAHCKcZJXu1KcQm', 1, 'Manager1@abv.bg', 'Manager1', 'Manager1', 'a:1:{i:0;s:12:\"ROLE_MANAGER\";}', '2018-08-28 11:29:25', '2018-08-28 11:29:25', 'ROLE_MANAGER', 'en'),
(4, 'desi', '$2y$13$gsp7CQxom0Og/Xsggh/i.uMacn.0iwLBF0MQt4KJ/e5W.wYJ5ax16', 1, 'desi@desi.com', 'Desi', '.', 'a:1:{i:0;s:10:\"ROLE_ADMIN\";}', '2018-11-03 02:06:30', '2018-11-03 02:23:10', 'ROLE_ADMIN', 'en');

--
-- Indexes for dumped tables
--

--
-- Indexes for table `account`
--
ALTER TABLE `account`
  ADD PRIMARY KEY (`id`);

--
-- Indexes for table `facility`
--
ALTER TABLE `facility`
  ADD PRIMARY KEY (`id`);

--
-- Indexes for table `meal_schedule`
--
ALTER TABLE `meal_schedule`
  ADD PRIMARY KEY (`id`),
  ADD KEY `IDX_3E2A0A899B6B5FBA` (`account_id`);

--
-- Indexes for table `migration_versions`
--
ALTER TABLE `migration_versions`
  ADD PRIMARY KEY (`version`);

--
-- Indexes for table `query`
--
ALTER TABLE `query`
  ADD PRIMARY KEY (`id`),
  ADD UNIQUE KEY `UNIQ_24BDB5EB9B6B5FBA` (`account_id`),
  ADD KEY `IDX_24BDB5EBB03A8386` (`created_by_id`);

--
-- Indexes for table `schedule`
--
ALTER TABLE `schedule`
  ADD PRIMARY KEY (`id`),
  ADD KEY `IDX_5A3811FBA7014910` (`facility_id`),
  ADD KEY `IDX_5A3811FB9B6B5FBA` (`account_id`);

--
-- Indexes for table `user`
--
ALTER TABLE `user`
  ADD PRIMARY KEY (`id`),
  ADD UNIQUE KEY `UNIQ_8D93D649F85E0677` (`username`);

--
-- AUTO_INCREMENT for dumped tables
--

--
-- AUTO_INCREMENT for table `account`
--
ALTER TABLE `account`
  MODIFY `id` int(11) NOT NULL AUTO_INCREMENT, AUTO_INCREMENT=62;

--
-- AUTO_INCREMENT for table `facility`
--
ALTER TABLE `facility`
  MODIFY `id` int(11) NOT NULL AUTO_INCREMENT, AUTO_INCREMENT=19;

--
-- AUTO_INCREMENT for table `meal_schedule`
--
ALTER TABLE `meal_schedule`
  MODIFY `id` int(11) NOT NULL AUTO_INCREMENT, AUTO_INCREMENT=141;

--
-- AUTO_INCREMENT for table `query`
--
ALTER TABLE `query`
  MODIFY `id` int(11) NOT NULL AUTO_INCREMENT, AUTO_INCREMENT=60;

--
-- AUTO_INCREMENT for table `schedule`
--
ALTER TABLE `schedule`
  MODIFY `id` int(11) NOT NULL AUTO_INCREMENT, AUTO_INCREMENT=1365;

--
-- AUTO_INCREMENT for table `user`
--
ALTER TABLE `user`
  MODIFY `id` int(11) NOT NULL AUTO_INCREMENT, AUTO_INCREMENT=5;

--
-- Constraints for dumped tables
--

--
-- Constraints for table `meal_schedule`
--
ALTER TABLE `meal_schedule`
  ADD CONSTRAINT `FK_3E2A0A899B6B5FBA` FOREIGN KEY (`account_id`) REFERENCES `account` (`id`);

--
-- Constraints for table `query`
--
ALTER TABLE `query`
  ADD CONSTRAINT `FK_24BDB5EB9B6B5FBA` FOREIGN KEY (`account_id`) REFERENCES `account` (`id`),
  ADD CONSTRAINT `FK_24BDB5EBB03A8386` FOREIGN KEY (`created_by_id`) REFERENCES `user` (`id`);

--
-- Constraints for table `schedule`
--
ALTER TABLE `schedule`
  ADD CONSTRAINT `FK_5A3811FB9B6B5FBA` FOREIGN KEY (`account_id`) REFERENCES `account` (`id`),
  ADD CONSTRAINT `FK_5A3811FBA7014910` FOREIGN KEY (`facility_id`) REFERENCES `facility` (`id`);
COMMIT;

/*!40101 SET CHARACTER_SET_CLIENT=@OLD_CHARACTER_SET_CLIENT */;
/*!40101 SET CHARACTER_SET_RESULTS=@OLD_CHARACTER_SET_RESULTS */;
/*!40101 SET COLLATION_CONNECTION=@OLD_COLLATION_CONNECTION */;
